No,Code,Loc,ID,Desc,EC,TA,TW,Q,Coordx,Coordy,Coordz,SiO2,SiO4,Al,Fe,Ca,Mg,Na,K ,Li,NH3,Cl,SO4,HCO3,H2S,B,Al3+,As3+,NH4+,CO3-,F,Br,NO3,PO42-,H2S,pH,GT1,GT2,GT3,GT4,GT5,GT6,GT7,GT8,GT9,GT10,GT11,GT12,GT13,GT14,GT15,GT16,GT17,GT18,GT19,GT20,GT21,GT22,GT23,GT24,GT25,GT26,18O,D,RE,Kelompok Data
1,11,"Kraha Bodas, Jawa Barat",TEL-1,,,22,,,,,,97.1,,,3.3,36.9,32,12.3,3.3,0.08,,62,216,,,0.25,8,,,,0.21,,,,,3.8,,,,,,,,,,,,,,,,,,,,,,,,,,,,,"Krahmer, M. S., 1995",PSDG
2,12,"Kraha Bodas, Jawa Barat",TEL-2,,,93,,,,,,336,,,30.8,207.4,92,42.3,1.7,0.04,,16,2050,,,0.19,94.1,,,,0.54,,,,,2.83,,,,,,,,,,,,,,,,,,,,,,,,,,,,,"Krahmer, M. S., 1995",
3,13,"Kraha Bodas, Jawa Barat",TEL-3,,,90,,,,,,320,,,168.4,322.7,140.4,68.9,27.1,0.48,,3072,5016,,,1.46,328,,,,0.08,,,,,0.82,,,,,,,,,,,,,,,,,,,,,,,,,,,,,"Krahmer, M. S., 1995",
4,14,"Kraha Bodas, Jawa Barat",TEL-4,,,72,,,,,,189,,,24.8,61.5,20.1,26.3,10.3,0.17,,26,1560,,,0.35,58.2,,,,0.29,,,,,1.78,,,,,,,,,,,,,,,,,,,,,,,,,,,,,"Krahmer, M. S., 1995",
5,15,"Kraha Bodas, Jawa Barat",TEL-5,,,61,,,,,,293,,,17.6,131.1,58.7,75.8,14.5,0.16,,288,622,,,1.97,32,,,,1.04,,,,,2.78,,,,,,,,,,,,,,,,,,,,,,,,,,,,,"Krahmer, M. S., 1995",
6,16,"Kraha Bodas, Jawa Barat",TEL-6,,,48,,,,,,189,,,94.4,157.3,72.1,51.1,24.4,0.06,,2129,438,,,10.3,460.8,,,,1.59,,,,,2.72,,,,,,,,,,,,,,,,,,,,,,,,,,,,,"Krahmer, M. S., 1995",
7,17,"Kraha Bodas, Jawa Barat",TEL-7,,,43,,,,,,183,,,15.2,67.1,32.8,38.2,9.9,,,322,298,,,1.91,35.6,,,,0.8,,,,,2.29,,,,,,,,,,,,,,,,,,,,,,,,,,,,,"Krahmer, M. S., 1995",
8,18,"Kraha Bodas, Jawa Barat",TEL-8,,,49,,,,,,,,,,,,,,,,,,,,,,,,,,,,,,1.81,,,,,,,,,,,,,,,,,,,,,,,,,,,,,"Krahmer, M. S., 1995",
9,19,"Kraha Bodas, Jawa Barat",KR-1,,,22,,,,,,39.2,,,1,8.4,4.9,3.7,1.1,,,4.6,27.4,,,,,,,,0.06,,,,,3.8,,,,,,,,,,,,,,,,,,,,,,,,,,,,,"Krahmer, M. S., 1995",
10,110,"Kraha Bodas, Jawa Barat",KR-2,,,22,,,,,,43.2,,,30.7,3.3,1.4,6.5,3,0.1,,4.3,184,,,0.18,5,,,,0.04,,,,,3.82,,,,,,,,,,,,,,,,,,,,,,,,,,,,,"Krahmer, M. S., 1995",
11,111,"Kraha Bodas, Jawa Barat",KR-3,,,96,,,,,,246,,,14.4,28.9,19.4,12.8,6.6,,,2.6,965,,,0.09,35.8,,49.4,,0.18,,,,,2.29,,,,,,,,,,,,,,,,,,,,,,,,,,,,,"Krahmer, M. S., 1995",
12,112,"Kraha Bodas, Jawa Barat",KR-4,,,91,,,,,,121.2,,,1.2,7,1,3,10.7,,,11.2,108,,,,0.5,,94.2,33,0.11,,,,,6.61,,,,,,,,,,,,,,,,,,,,,,,,,,,,,"Krahmer, M. S., 1995",
13,113,"Kraha Bodas, Jawa Barat",KR-5,,,22,,,,,,,,,,,,,,,,,,,,,,,,41,,,,,,7.24,,,,,,,,,,,,,,,,,,,,,,,,,,,,,"Krahmer, M. S., 1995",
14,114,"Kraha Bodas, Jawa Barat",KR-6,,,38,,,,,,,,,,,,,,,,,,,,,,,,167,,,,,,6.28,,,,,,,,,,,,,,,,,,,,,,,,,,,,,"Krahmer, M. S., 1995",
15,115,"Kraha Bodas, Jawa Barat",KR-7,,,92,,,,,,,,,,,,,,,,,,,,,,,,33,,,,,,6.38,,,,,,,,,,,,,,,,,,,,,,,,,,,,,"Krahmer, M. S., 1995",
16,116,"Kraha Bodas, Jawa Barat",TAK-1,,,38,,,,,,,,,,,,,,,,,,,,,,,,166,,,,,,7.1,,,,,,,,,,,,,,,,,,,,,,,,,,,,,"Krahmer, M. S., 1995",
17,117,"Kraha Bodas, Jawa Barat",TAK-2,,,26,,,,,,,,,,,,,,,,,,,,,,,,55,,,,,,6.28,,,,,,,,,,,,,,,,,,,,,,,,,,,,,"Krahmer, M. S., 1995",
18,118,"Kraha Bodas, Jawa Barat",TAK-3,,,46,,,,,,,,,,,,,,,,,,,,,,,,656,,,,,,6.08,,,,,,,,,,,,,,,,,,,,,,,,,,,,,"Krahmer, M. S., 1995",
19,119,"Kraha Bodas, Jawa Barat",TAK-4,,,22,,,,,,,,,,,,,,,,,,,,,,,,,,,,,,2.49,,,,,,,,,,,,,,,,,,,,,,,,,,,,,"Krahmer, M. S., 1995",
20,120,"Kraha Bodas, Jawa Barat",TAK-5,,,23,,,,,,,,,,,,,,,,,,,,,,,,44.2,,,,,,6.1,,,,,,,,,,,,,,,,,,,,,,,,,,,,,"Krahmer, M. S., 1995",
21,21,"Lomblen, NTT",Bata,,,,,,,,,97.67,,,0,45,14.4,81.86,7.6,0.2,2,55.6,3.6,332.43,,0.28,,,,,1.5,,,,,6.74,,,,,,,,,,,,,,,,,,,,,,,,,,,,,"Dirasutisna, S., 2004",
22,22,"Lomblen, NTT",Adum,,,,,,,,,90.78,,,0.55,475,72,1195,80,1.5,2.61,1520.32,1250,575.35,,10,,,,,1.5,,,,,6.56,,,,,,,,,,,,,,,,,,,,,,,,,,,,,"Dirasutisna, S., 2004",
23,23,"Lomblen, NTT",Boto-1,,,,,,,,,195.51,,,33.2,150,33.6,40,8.69,0.3,0,434.88,500,0,,1.5,,,,,3,,,,,2.54,,,,,,,,,,,,,,,,,,,,,,,,,,,,,"Dirasutisna, S., 2004",
24,24,"Lomblen, NTT",Boto-2,,,,,,,,,206.4,,,0.64,133.8,36,43.33,10.32,0.2,0,372.25,400,0,,1.39,,,,,3,,,,,2.88,,,,,,,,,,,,,,,,,,,,,,,,,,,,,"Dirasutisna, S., 2004",
25,25,"Lomblen, NTT",Boto-3,,,,,,,,,186.33,,,28,136,38.44,41.67,10.32,0.2,2,466.19,500,0,,1.67,,,,,2,,,,,2.44,,,,,,,,,,,,,,,,,,,,,,,,,,,,,"Dirasutisna, S., 2004",
26,26,"Lomblen, NTT",Boto-4,,,,,,,,,190.05,,,21,155,38.4,41.67,10.32,0,0,445.3,500,0,,1.67,,,,,15,,,,,2.46,,,,,,,,,,,,,,,,,,,,,,,,,,,,,"Dirasutisna, S., 2004",
27,27,"Lomblen, NTT",Way Kating,,,,,,,,,108.56,,,5.34,76,13.75,23.33,3.8,0.1,0,180.91,187.5,0,,0.56,,,,,2,,,,,3.46,,,,,,,,,,,,,,,,,,,,,,,,,,,,,"Dirasutisna, S., 2004",
28,28,"Lomblen, NTT",As. Sabuboto,,,,,,,,,68.5,,,0,36,14.4,28.33,2.72,0.2,1.7,38.27,0,179,,0.28,,,,,3,,,,,7.58,,,,,,,,,,,,,,,,,,,,,,,,,,,,,"Dirasutisna, S., 2004",
29,29,"Lomblen, NTT",As. Pagualo,,,,,,,,,38.97,,,0.04,45,19.2,25,1.63,0,1.7,38.27,125,63.93,,0.28,,,,,2,,,,,7.27,,,,,,,,,,,,,,,,,,,,,,,,,,,,,"Dirasutisna, S., 2004",
30,31,"Guci, Jawa Tengah",AP. Guci,,,,,,,,,90.68,,,0.38,40,28.5,53.85,31,3.6,0,26.58,44.4,389.37,,5.17,,,,,1,,,,,6.1,,,,,,,,,,,,,,,,,,,,,,,,,,,,,"Suparman, dkk., 1999",
31,32,"Guci, Jawa Tengah",AP. Kasepuhan,,,,,,,,,116.98,,,0.24,45,46.5,149.04,38.21,3.75,0.12,61.29,112.55,585.37,,8.39,,,,,1,,,,,6.8,,,,,,,,,,,,,,,,,,,,,,,,,,,,,"Suparman, dkk., 1999",
32,33,"Guci, Jawa Tengah",AD. Guci,,,,,,,,,41.72,,,1.2,15,6,14.17,4.5,0.46,0,7.38,16.58,100.43,,0,,,,,0.3,,,,,6.6,,,,,,,,,,,,,,,,,,,,,,,,,,,,,"Suparman, dkk., 1999",
33,41,"Flores Timur, NTT",Ap. Oka 1,,,54.5,,,,,,180.04,,,0.12,153.6,175.68,1818.2,250,0.39,,3102.7,530,229.48,,2.66,,,0.56,,2.5,,,,,8.6,,,,,,,,,,,,,,,,,,,,,,,,,,,,,"Dirasutisna, S., 2004",
34,42,"Flores Timur, NTT",Ap. Oka 2,,,41.2,,,,,,137.4,,,0.17,65.28,57.6,630,62,0.11,,1012.46,155,164.58,,1.08,,,0.74,,1.5,,,,,8.9,,,,,,,,,,,,,,,,,,,,,,,,,,,,,"Dirasutisna, S., 2004",
35,43,"Flores Timur, NTT",Ap. Oka 3,,,42.5,,,,,,144.11,,,0.03,192,142.85,1182.41,113.51,0.15,,2122.88,155,113.5,,1.37,,,0,,2,,,,,8.3,,,,,,,,,,,,,,,,,,,,,,,,,,,,,"Dirasutisna, S., 2004",
36,44,"Flores Timur, NTT",Ap. Hading 1,,,46.5,,,,,,173.6,,,1.91,249.6,34.56,333,500,0.13,,444,368,96.2,,2.63,,,3.85,,2,,,,,8.4,,,,,,,,,,,,,,,,,,,,,,,,,,,,,"Dirasutisna, S., 2004",
37,45,"Flores Timur, NTT",Ap. Hading 2,,,40.6,,,,,,168.4,,,0.02,134.2,86.4,600,75,0.13,,987.46,388,172.69,,1.44,,,0,,3,,,,,8.7,,,,,,,,,,,,,,,,,,,,,,,,,,,,,"Dirasutisna, S., 2004",
38,46,"Flores Timur, NTT",T. Oka,,,33.1,,,,,,94.77,,,0.04,249.6,466.56,10000,500,0.1,,15382.86,2436.08,118.22,,2.88,,,0,,5,,,,,8.3,,,,,,,,,,,,,,,,,,,,,,,,,,,,,"Dirasutisna, S., 2004",
39,47,"Flores Timur, NTT",As. Hading,,,34.9,,,,,,169.1,,,0.05,57.6,28.8,194.92,75,0.12,,291.1,193,104.31,,1.44,,,1.11,,1,,,,,8.3,,,,,,,,,,,,,,,,,,,,,,,,,,,,,"Dirasutisna, S., 2004",
40,51,"Inielka, Flores Tengah",Mapa 1,,,34.5,,,,,740,107,,,0.96,112,25,27,6.8,21,,26,442,,,354,,,,,1,,,,,3.7,,,,,,,,,,,,,,,,,,,,,,,,,,,,,"Kusnadi, D., 2002",
41,52,"Inielka, Flores Tengah",Mapa 2,,,41.8,,,,,750,150,,,7.7,148,40,51,15,18,,131,897,,,1257,,,,,1.5,,,,,3,,,,,,,,,,,,,,,,,,,,,,,,,,,,,"Kusnadi, D., 2002",
42,53,"Inielka, Flores Tengah",Mapa 3,,,47.3,,,,,718,142,,,9.5,167,45,64,28,28,,339,1737,,,2757,,,,,3.2,,,,,2.7,,,,,,,,,,,,,,,,,,,,,,,,,,,,,"Kusnadi, D., 2002",
43,54,"Inielka, Flores Tengah",Mapa 4,,,41.4,,,,,400,138,,,15.8,106,31,39,14,27,,90,600,,,945,,,,,1,,,,,3.2,,,,,,,,,,,,,,,,,,,,,,,,,,,,,"Kusnadi, D., 2002",
44,55,"Inielka, Flores Tengah",Mapa 5,,,44,,,,,325,144,,,8,102,32,47,16,36,,99,597,,,1230,,,,,0.9,,,,,3.4,,,,,,,,,,,,,,,,,,,,,,,,,,,,,"Kusnadi, D., 2002",
45,56,"Inielka, Flores Tengah",mapn,,,43.5,,,,,350,127,,,,39,17,29,7.6,8.4,,3,23,237,,125,,,,,<dl,,,,,7.1,,,,,,,,,,,,,,,,,,,,,,,,,,,,,"Kusnadi, D., 2002",
46,57,"Inielka, Flores Tengah",mada,,,19.1,,,,,1405,144,,,,98,5.9,13,1.8,48,,1.6,653,,,128,,,,,<dl,,,,,3.9,,,,,,,,,,,,,,,,,,,,,,,,,,,,,"Kusnadi, D., 2002",
47,58,"Inielka, Flores Tengah",sadn1,,,22.1,,,,,975,106,,,,29,10,11,3.6,7.9,,1.4,61,100,,46,,,,,<dl,,,,,6.6,,,,,,,,,,,,,,,,,,,,,,,,,,,,,"Kusnadi, D., 2002",
48,59,"Inielka, Flores Tengah",Smapa1,,,32.5,,,,,325,140,,,9.5,105,32,43,15,25,,90,572,,,974,,,,,1.1,,,,,3.4,,,,,,,,,,,,,,,,,,,,,,,,,,,,,"Kusnadi, D., 2002",
49,60,"Inielka, Flores Tengah",Smapa2,,,41.5,,,,,320,147,,,13.5,104,33,46,16,25,,91,571,,,1116,,,,,1,,,,,3.4,,,,,,,,,,,,,,,,,,,,,,,,,,,,,"Kusnadi, D., 2002",
50,61,"Inielka, Flores Tengah",Smapa3,,,42.5,,,,,280,143,,,12.5,102,32,45,15,24,,90,577,,,1123,,,,,1,,,,,3.4,,,,,,,,,,,,,,,,,,,,,,,,,,,,,"Kusnadi, D., 2002",
51,62,"Inielka, Flores Tengah",Sada,,,24.7,,,,,275,106,,,2.3,54,19,25,8.2,6.7,,37,222,,,423,,,,,1.5,,,,,4.5,,,,,,,,,,,,,,,,,,,,,,,,,,,,,"Kusnadi, D., 2002",
52,71,Mataloko-upper,,,2500,,88.3,0,,,,,,34.7,,61,28.6,27.1,5.86,,,8.21,807,0,,,,,4.36,,0.43,,,,0.02,2.45,,,,,,,,,,,,,,,,,,,,,,,,,,,,,Dedi K,
53,72,Mataloko-upper,,,873,,87.2,0,,,,,,,,,,,,,,,,0,,,,,,,,,,,,3.1,,,,,,,,,,,,,,,,,,,,,,,,,,,,,Dedi K,
54,73,Mataloko-lower-1,,,490,,92,0,,,,,,,,17.7,8.7,17.1,5.1,0.03,,3.7,135,0,,,,,2.1,,0.07,,0.42,,,3.74,,,,,,,,,,,,,,,,,,,,,,,,,,,,,Dedi K,
55,74,Mataloko-lower-2,,,1550,,94.6,0,,,,,,,,107,32.1,43.7,3.1,,,2.6,741,0,,,,,8.72,,0.29,,0.15,,,3,,,,,,,,,,,,,,,,,,,,,,,,,,,,,Dedi K,
56,75,Mataloko-lower-2,,,1190,,84.9,0,,,,,,1.99,,29.3,17,18.3,8.61,,,4.31,303,0,,,,,1.04,,0.16,,0.17,,1.45,2.76,,,,,,,,,,,,,,,,,,,,,,,,,,,,,Dedi K,
57,76,Nage-1,,,53000,,79.4,0.1666666667,,,,,,24.7,,78.6,30.2,14,36.6,0.3,,472,759,0,,,,,2.39,,4.81,1.43,0.12,,1.55,2.09,,,,,,,,,,,,,,,,,,,,,,,,,,,,,Dedi K,
58,77,Nage-1,,,4740,,80,0.1666666667,,,,,,,,74.1,29.1,139,35,0.29,,443,761,0,,,,,,,4.78,1.35,0.03,,,2,,,,,,,,,,,,,,,,,,,,,,,,,,,,,Dedi K,
59,78,Nage-2,,,48000,,73.2,0.1666666667,,,,,,22.5,,72.4,27.9,137,35,0.29,,400,757,0,,,,,2.98,,3.77,1.26,0.11,,1.25,2.16,,,,,,,,,,,,,,,,,,,,,,,,,,,,,Dedi K,
60,79,Nage-2,,,4240,,73.4,0.1666666667,,,,,,,,70.4,27.5,131,33,0.27,,387,720,0,,,,,,,3.97,1.21,0.07,,,2,,,,,,,,,,,,,,,,,,,,,,,,,,,,,Dedi K,
61,710,Nage-3,,,47000,,72,0.1666666667,,,,,,25.5,,71,27.3,125,31.8,0.26,,387,731,0,,,,,2.73,,4,1.18,0.11,,2,2.17,,,,,,,,,,,,,,,,,,,,,,,,,,,,,Dedi K,
62,711,Keli Tiworiwu-1,,,1480,,52.8,0.015,,,,,,2.67,,136,50.4,74,30.5,0.02,,53.3,637,0,,,,,0.41,,0.71,0.13,0.12,,19,3.59,,,,,,,,,,,,,,,,,,,,,,,,,,,,,Dedi K,
63,712,Keli Tiworiwu-2,,,2100,,72.1,0.015,,,,,,0.36,,221,78.5,128,67.7,,,115,1070,43.8,,,,,0.25,,1.01,0.28,0.11,,28.5,5.97,,,,,,,,,,,,,,,,,,,,,,,,,,,,,Dedi K,
64,713,Bobo (Wai Putih),,,1700,,21,0,,,,,,,,80.3,30.4,28.9,4.2,,,3.3,695,0,,,,,,,1.15,,0.67,,,2.73,,,,,,,,,,,,,,,,,,,,,,,,,,,,,Dedi K,
65,714,Bobo (Wae Putih),,,1420,,21.6,0,,,,,,,,51.5,19.7,21.5,4.42,,,4.95,512,0,,,,,0.39,,0.47,,,,11.5,2.73,,,,,,,,,,,,,,,,,,,,,,,,,,,,,Dedi K,
66,715,Woko Bobo-1,,,,,,0,,,,,,,,,,,21.7,,,,,,,,,,,,,,,,,,,,,,,,,,,,,,,,,,,,,,,,,,,,,,Dedi K,
67,716,Woko-Bobo-2,,,,,,0,,,,,,,,,,,,,,,,,,,,,,,,,,,,,,,,,,,,,,,,,,,,,,,,,,,,,,,,,Dedi K,
68,717,Bena (Wae Pana),,,1540,,36.2,,,,,,,,,107,65.8,66.9,8.08,0.02,,43.7,574,154,,,,,0.18,,0,0.1,3.93,,,6.49,,,,,,,,,,,,,,,,,,,,,,,,,,,,,Dedi K,
69,718,Soka (Wae Pana),,,850,,45.7,0.06,,,,,,,,,,,,,,10,407,11,,,,,,,0.92,,,,4.7,5.35,,,,,,,,,,,,,,,,,,,,,,,,,,,,,Dedi K,
70,719,Mengeruda,,,1740,,41.1,0,,,,,,,,100,32.9,50.6,16.5,0.03,,104,678,0,,,,,,,0.46,0,0.02,,,2.97,,,,,,,,,,,,,,,,,,,,,,,,,,,,,Dedi K,
71,720,Mengeruda,,,1780,,41.6,0.4,,,,,,,,103,34.2,52.8,16.7,,,108,711,0,,,,,0.21,,0.42,0.13,0.1,,,2.89,,,,,,,,,,,,,,,,,,,,,,,,,,,,,Dedi K,
72,721,Mengeruda,,,1695,,40.9,0.4,,,,,,,,93.2,31.3,47.9,15.6,,,98.6,647,0,,,,,,,0.42,0.13,0.02,,,2.8,,,,,,,,,,,,,,,,,,,,,,,,,,,,,Dedi K,
73,722,Wae Bana,,,1790,,37.2,0.0833333333,,,,,,,,106,33.6,43.7,15,,,96.4,679,0,,,,,0.23,,0.54,0.16,0.04,,,2.85,,,,,,,,,,,,,,,,,,,,,,,,,,,,,Dedi K,
74,723,Piga,,,1820,,39.1,,,,,,,,,103,32.5,41.7,14.6,,,96.5,678,0,,,,,,,0.55,0.11,0.03,,,2.6,,,,,,,,,,,,,,,,,,,,,,,,,,,,,Dedi K,
75,724,Gou (Wae Mega),,,1100,,35.2,,,,,,,,,118,25.7,30.4,6.93,,,30.5,550,0,,,,,0.19,,0.65,0.05,0.04,,6.1,3.59,,,,,,,,,,,,,,,,,,,,,,,,,,,,,Dedi K,
76,725,Gou (Wae Bana Watuhwuti),,,2900,,40.5,,,,,,,,,139,38.5,48.7,13.2,,,135,985,0,,,,,0.42,,3.97,0.21,0.05,,12.4,2.47,,,,,,,,,,,,,,,,,,,,,,,,,,,,,Dedi K,
77,726,Tukapela (Boba-Soa),,,7300,,47.7,,,,,,,,,174,51.5,74.6,30.8,,,403,2070,0,,,,,0.93,,10.8,0.63,0.1,,3.35,1.93,,,,,,,,,,,,,,,,,,,,,,,,,,,,,Dedi K,
78,727,Liba,,,430,,34.8,,,,,,,,,42.2,22.6,16.4,5.32,,,3.12,13.8,203,,,,,0.43,,0.25,,,,,6.66,,,,,,,,,,,,,,,,,,,,,,,,,,,,,Dedi K,
79,728,Paidane (Wae Wuta),,,460,,43.4,0.002,,,,,,,,43.4,16.8,28.1,7.11,,,4.61,24.9,192,,,,,0.53,,2.02,,1.02,,,6.87,,,,,,,,,,,,,,,,,,,,,,,,,,,,,Dedi K,
80,729,Shokimatawae,,,340,,35.4,0.0143333333,,,,,,,,32.9,13.6,19.3,4.03,,,3.69,8.84,155,,,,,0.49,,0.22,,0.78,,,6.81,,,,,,,,,,,,,,,,,,,,,,,,,,,,,Dedi K,
81,730,Langagedha,,,1130,,57,0.0166666667,,,,,,,,22.9,14.5,167,49.2,,,30.7,120,328,,,,,,,0.13,0.11,0.29,,,6.9,,,,,,,,,,,,,,,,,,,,,,,,,,,,,Dedi K,
82,731,Mbey,,,18200,,76.4,,,,,,,,,487,154,3610,102,,,6390,750,108,,,,,,,1.85,21.3,4.11,,,7.1,,,,,,,,,,,,,,,,,,,,,,,,,,,,,Dedi K,
83,732,Stream in Matakico,,,240,,26.2,,,,,,,,,241,9.02,11.2,3.08,,,3.35,6.14,101,,,,,,,0.24,,,,,7.06,,,,,,,,,,,,,,,,,,,,,,,,,,,,,Dedi K,
84,733,Wae Ya (spring),,,230,,24.2,,,,,,,,,24.3,9.08,10,2.72,,,3.03,4.35,100,,,,,0.65,,0.38,,3.76,,,6.5,,,,,,,,,,,,,,,,,,,,,,,,,,,,,Dedi K,
85,734,Stream of Keli Tiworiwu,,,410,,25.4,,,,,,,,,41.5,14.6,15.5,2.91,,,3.67,131,47.6,,,,,0.03,,0.18,,6.05,,,6.81,,,,,,,,,,,,,,,,,,,,,,,,,,,,,Dedi K,
86,735,Wae Venu,,,196,,27.8,0.0001666667,,,,,,,,20,5.28,12.8,2.24,,,9,19,59.8,,,,,0.41,,0.12,,1.4,,,7.06,,,,,,,,,,,,,,,,,,,,,,,,,,,,,Dedi K,
87,736,Wae Roe,,,230,,22.8,0.2166666667,,,,,,,,25.5,8.64,10.4,3.29,,,3.39,23,87.9,,,,,,,0.46,,3.58,,,7.35,,,,,,,,,,,,,,,,,,,,,,,,,,,,,Dedi K,
88,737,Wae Guru,,,600,,25.3,0.0011666667,,,,,,,,73.1,20.7,20.3,4.94,,,4.04,191,94,,,,,0.89,,0.39,,0.81,,,6.01,,,,,,,,,,,,,,,,,,,,,,,,,,,,,Dedi K,
89,738,Mutufoka,,,180,,19.4,0.0045,,,,,,,,19.8,7.16,8.98,2.48,,,3.08,10.3,67.8,,,,,0.12,,0.38,,2.55,,,6.7,,,,,,,,,,,,,,,,,,,,,,,,,,,,,Dedi K,
90,739,Mutufoka,,,175,,19.1,0.0045,,,,,,,,13.9,6.92,7.7,3.37,,,2.63,9.33,71.5,,,,,,,0.38,,2.96,0.06,,6.7,,,,,,,,,,,,,,,,,,,,,,,,,,,,,Dedi K,
91,740,Wae Woki,,,260,,22.1,0.0001,,,,,,,,29.8,10.4,10.7,1.69,,,4.1,1.61,118,,,,,0.24,,0.22,,2.81,,,6.66,,,,,,,,,,,,,,,,,,,,,,,,,,,,,Dedi K,
92,741,Wae Lapo,,,270,,28.1,0.015,,,,,,,,28.7,9,14.8,1.5,,,7.15,5.94,123,,,,,,,0.25,,2.58,,,7.16,,,,,,,,,,,,,,,,,,,,,,,,,,,,,Dedi K,
93,742,Berewekw,,,240,,27,0.0833333333,,,,,,,,25.4,9.48,12.2,2.59,,,4.17,6.6,106,,,,,,,0.15,,2.08,,,6.95,,,,,,,,,,,,,,,,,,,,,,,,,,,,,Dedi K,
94,743,Radabata (Wae Ba),,,290,,20.8,0.00005,,,,,,,,29.4,8.81,13.1,16.3,,,3.15,3.5,138,,,,,0.04,,0.21,,,,,7.3,,,,,,,,,,,,,,,,,,,,,,,,,,,,,Dedi K,
95,744,Nage (cold springs),,,250,,23.5,1.66666666666667E-005,,,,,,,,29.4,7.73,12.4,2.98,,,3.27,76.3,35.2,,,,,,,0.4,,0.76,,,6.81,,,,,,,,,,,,,,,,,,,,,,,,,,,,,Dedi K,
96,745,Wae Aru,,,270,,23.3,0.001,,,,,,,,23.8,3.12,16.2,2.46,,,4.37,91.1,24.7,,,,,,,0.15,,0.23,,,6.93,,,,,,,,,,,,,,,,,,,,,,,,,,,,,Dedi K,
97,746,Kalibatu,,,101,,16,0.007,,,,,,,,8.09,9.05,5.93,2.25,,,2.23,7.7,36.4,,,,,0.99,,0.43,,0.33,,,7.6,,,,,,,,,,,,,,,,,,,,,,,,,,,,,Dedi K,
98,747,Mangulewa (Wae Roa),,,282,,23.2,0.1666666667,,,,,,,,26.5,5.23,10.9,3.51,,,2.78,53.2,75.7,,,,,,,0.63,,2.06,0.09,,6.9,,,,,,,,,,,,,,,,,,,,,,,,,,,,,Dedi K,
99,748,Aelade (Boawae),,,184,,23.9,0.0045,,,,,,,,14.9,16.5,11.3,2.52,,,.4.13,8.98,65.9,,,,,,,0.24,,4.96,,,6.7,,,,,,,,,,,,,,,,,,,,,,,,,,,,,Dedi K,
100,749,Dowo Dambo (Naegaroro),,,428,,30.2,0,,,,,,,,39,13.3,25.5,2.44,,,7.48,8.46,206,,,,,,,0.16,,1.68,,,7.1,,,,,,,,,,,,,,,,,,,,,,,,,,,,,Dedi K,
101,750,Mata Bulu (Riung),,,583,,29.8,0.003,,,,,,,,34.8,13.3,13.7,1.95,,,8.13,13.1,151,,,,,,,0.23,,1.24,,,7.1,,,,,,,,,,,,,,,,,,,,,,,,,,,,,Dedi K,
102,751,Kali Dua (Airhere),,,330,,27.2,0.004,,,,,,,,27,15.3,21.1,3.34,,,5.32,7.14,157,,,,,,,0.51,,2.4,,,7.3,,,,,,,,,,,,,,,,,,,,,,,,,,,,,Dedi K,
103,752,Dbidhu (Enam Desa),,,337,,28.5,0,,,,,,,,28.8,10.6,18.4,3.6,,,10.9,58.7,81.8,,,,,,,0.48,0.02,2.1,-0.47,,7.9,,,,,,,,,,,,,,,,,,,,,,,,,,,,,Dedi K,
104,753,Wugha Wugha Dua (Aesona),,,756,,29.2,0,,,,,,,,54.3,21.4,34.8,2.49,,,21.3,122,150,,,,,,,0.42,0.05,0.57,,,7.1,,,,,,,,,,,,,,,,,,,,,,,,,,,,,Dedi K,
105,754,Inerie VO rainfall,,,,,,0,,,,,,,,,,,,,,,,,,,,,,,,,,,,,,,,,,,,,,,,,,,,,,,,,,,,,,,,,Dedi K,
106,755,Eburobo VO rainfall,,,,,,0,,,,,,,,,,,,,,,,,,,,,,,,,,,,,,,,,,,,,,,,,,,,,,,,,,,,,,,,,Dedi K,
107,756,Wai Sano Lake Water,,,2980,,26.8,0,,,,,,,,,,,,,,,,,,,,,,,,,,,,2.61,,,,,,,,,,,,,,,,,,,,,,,,,,,,,Dedi K,
108,757,Wai Sano  1,,,6760,,41.1,0,,,,,,,,236,45.3,1050,89,2.27,,2150,63.4,189,,,,,1.82,,0.62,6.39,0.38,,,5.71,,,,,,,,,,,,,,,,,,,,,,,,,,,,,Dedi K,
109,758,Wai Sano 2 (Bonok),,,51100,,83.9,0,,,,,,,,1990,165,9540,1260,22.7,,20000,300,67.1,,,,,,,6.34,59.2,1.63,,,6.07,,,,,,,,,,,,,,,,,,,,,,,,,,,,,Dedi K,
110,759,Wai Sano 3,,,12700,,43.3,0,,,,,,,,,,,,,,,,,,,,,,,,,,,,3.22,,,,,,,,,,,,,,,,,,,,,,,,,,,,,Dedi K,
111,760,Wai Sano 4,,,12320,,45,0,,,,,,,,,,,,,,,,,,,,,,,,,,,,3.18,,,,,,,,,,,,,,,,,,,,,,,,,,,,,Dedi K,
112,761,Wai Pesi 1,,,16300,,76.8,0,,,,,,,,961,46.5,2320,113,0.29,,5460,260,36.6,,,,,,,2.09,18.2,0.62,,,6.84,,,,,,,,,,,,,,,,,,,,,,,,,,,,,Dedi K,
113,762,Wai Pesi 2,,,17400,,89,0,,,,,,,,1050,43.1,2470,120,0.31,,5920,323,20.3,,,,,,,2.54,19.7,0.32,,,6.73,,,,,,,,,,,,,,,,,,,,,,,,,,,,,Dedi K,
114,763,Oka-Lakantuka,,,10780,,57.4,0,,,,,,,,132,174,1980,179,0.35,,3360,399,260,,,,,,,1.06,11.3,0.42,,,6.83,,,,,,,,,,,,,,,,,,,,,,,,,,,,,Dedi K,
115,764,Karangora fumarole,,,,,98.6,0,,,,,,,,,,,,,,,,,,,,,,,,,,,,,,,,,,,,,,,,,,,,,,,,,,,,,,,,,Dedi K,
116,765,Karangora (Waiwejak),,,370,,37.4,0,,,,,,,,,,,,,,12.1,16.7,134,,,,,,,1.08,,24.7,,,7.98,,,,,,,,,,,,,,,,,,,,,,,,,,,,,Dedi K,
117,766,Alor 1 (Bukapiting),,,9260,,,0,,,,,,,,247,29.9,1570,76.1,0.94,,2770,256,52.9,,,,,4.13,,1.25,9.27,0.32,,,7.91,,,,,,,,,,,,,,,,,,,,,,,,,,,,,Dedi K,
118,767,Alor 2 (Bukapiting),,,9390,,,0,,,,,,,,256,27.9,1570,77.6,0.94,,2760,256,61,,,,,3.2,,1.4,9.25,0.23,,,7.5,,,,,,,,,,,,,,,,,,,,,,,,,,,,,Dedi K,
119,768,Alor 3 (Bukapiting),,,9560,,,0,,,,,,,,267,27.1,1620,78.9,1,,2870,254,48.8,,,,,,,1.56,9.66,0.26,,,7.91,,,,,,,,,,,,,,,,,,,,,,,,,,,,,Dedi K,
120,81,,AAPG-1,,8200,,77.1,,,,2,150.71,,0,0.08,406.77,11.9,1112.88,76.92,0.3,,2082.23,432.49,67.79,,2.34,,0.5,1.22,0,0,,,,,7.44,,,,,,,,,,,,,,,,,,,,,,,,,,,,,Heri S,
121,82,,AAPG-2,,11090,,63.7,,,,2,147.93,,0,0.04,550.56,44.64,1446.74,103.85,0.38,,3018.6,390,80.35,,3.28,,0.3,1.39,0,10,,,,,7.55,,,,,,,,,,,,,,,,,,,,,,,,,,,,,Heri S,
122,83,,AAPG-3,,13350,,44.2,,,,2,141.47,,0,0.02,575.56,104.6,1800.48,130.77,0.34,,3865.15,208.75,51.68,,3.13,,0.4,1.64,0,5,,,,,7.88,,,,,,,,,,,,,,,,,,,,,,,,,,,,,Heri S,
123,84,,APAK,,5490,,38,,,,0,79.19,,0,0.01,188.45,87.2,822.5,48.8,0.05,,3865.15,208.75,51.68,,3.13,,0.4,1.64,0,5,,,,,7.37,,,,,,,,,,,,,,,,,,,,,,,,,,,,,Heri S,
124,85,,APMB,,30500,,42.9,,,,0,106.75,,0,0.01,634.38,437.47,4352.2,200.04,0.14,,8349.5,1126.28,161.29,,5.91,,0.4,0.94,0,2,,,,,7.4,,,,,,,,,,,,,,,,,,,,,,,,,,,,,Heri S,
125,86,,ADMT,,218,,31.7,,,,1,76.18,,0,0.1,25.64,7.27,20.42,3.21,0.01,,5,5,151.93,,0.06,,0,0,0,1,,,,,7.43,,,,,,,,,,,,,,,,,,,,,,,,,,,,,Heri S,
126,87,,APKR-1,,6256,,71.7,,,,131,140,,0,0.03,99.2,23.81,1120.65,86.54,1.6,,1559.57,237.44,542.56,,49.7,,1.5,1.49,0,1,,,,,7.56,,,,,,,,,,,,,,,,,,,,,,,,,,,,,Heri S,
127,88,,APKR-2,,7270,,71.7,,,,131,148.5,,0,0.05,121.2,27,1427,124.23,1.59,,1997.4,267.48,613.02,,54.85,,1.9,1.49,0,0,,,,,7.5,,,,,,,,,,,,,,,,,,,,,,,,,,,,,Heri S,
128,89,,APTR,,515,,37,,,,6,99.39,,0,0.02,50.54,4.11,50.54,4.62,0.03,,17.44,2,303.05,,0.16,,0.6,1.37,0,1.5,,,,,7,,,,,,,,,,,,,,,,,,,,,,,,,,,,,Heri S,
129,810,,APIR-1,,7.77,,3,,,,3,1490,,150.83,0,0.01,59.52,23.81,263.91,22.78,,313.17,190.89,252.71,,1.62,,0.05,1,0,1.09,,,,,80.8,,,,,,,,,,,,,,,,,,,,,,,,,,,,,Heri S,
130,811,,APIR-2,,1330,,73.6,,,,3,148,,0,0.02,44.32,15,245.39,19.31,0.01,,243.39,180.18,200.73,,1.06,,0.75,1.16,0,2,,,,,7.52,,,,,,,,,,,,,,,,,,,,,,,,,,,,,Heri S,
131,812,,APPM-1,,2554,,66.3,,,,153,131.52,,0,0.03,68.64,29.75,354.65,34.72,0.89,,243.17,256.99,355.29,,5.46,,1,1.39,0,2.5,,,,,7.1,,,,,,,,,,,,,,,,,,,,,,,,,,,,,Heri S,
132,813,,APPM-2,,2580,,68.4,,,,155,132.76,,0,0.02,88.4,35.71,358.96,34.72,0.91,,397,299.09,379.06,,5.76,,1.1,1.39,0,1.5,,,,,6.83,,,,,,,,,,,,,,,,,,,,,,,,,,,,,Heri S,
133,814,,ASIR,,370,,30,,,,3,44.05,,0,0.1,59.52,26.78,15.43,1.5,0.01,,5,92.18,191.09,,0.06,,0,1.16,16.67,1,,,,,8.22,,,,,,,,,,,,,,,,,,,,,,,,,,,,,Heri S,
134,91,Teretere,,,,,,,296,,,,,,,37,0.16,,,26,,3061,68,49,,,,,,,,,,,,7.1,,,,,,,,,,,,,,,,,,,,,,,,,,,,,Euis,
135,92,Tokaanu,,,,,,,219,,,,,,,29,1.19,,,19,,2345,57,24,,,,,,,,,,,,5.5,,,,,,,,,,,,,,,,,,,,,,,,,,,,,Euis,
136,93,Tokaanu,,,,,,,134,,,,,,,16,1.22,,,8,,1127,26,12,,,,,,,,,,,,5.5,,,,,,,,,,,,,,,,,,,,,,,,,,,,,Euis,
137,94,Paureni,,,,,,,260,,,,,,,34,0.13,,,25,,2934,64,54,,,,,,,,,,,,6.8,,,,,,,,,,,,,,,,,,,,,,,,,,,,,Euis,
138,95,Paureni,,,,,,,275,,,,,,,36,0.21,,,23,,2805,70,36,,,,,,,,,,,,6.4,,,,,,,,,,,,,,,,,,,,,,,,,,,,,Euis,
139,96,Paureni,,,,,,,217,,,,,,,31,0.52,,,17,,2218,53,28,,,,,,,,,,,,6.5,,,,,,,,,,,,,,,,,,,,,,,,,,,,,Euis,
140,97,Toretiti,,,,,,,213,,,,,,,38,3.57,,,6,,886,22,184,,,,,,,,,,,,6.5,,,,,,,,,,,,,,,,,,,,,,,,,,,,,Euis,
141,98,ex.Geyser,,,,,,,233,,,,,,,33,0.08,,,25,,2983,53,42,,,,,,,,,,,,7.3,,,,,,,,,,,,,,,,,,,,,,,,,,,,,Euis,
142,99,Tokaanu,,,,,,,192,,,,,,,28,0.36,,,15,,1892,62,61,,,,,,,,,,,,7,,,,,,,,,,,,,,,,,,,,,,,,,,,,,Euis,
143,910,Tokaanu,,,,,,,228,,,,,,,28,0.9,,,20,,2445,48,18,,,,,,,,,,,,6,,,,,,,,,,,,,,,,,,,,,,,,,,,,,Euis,
144,911,Stream,,,,,,,46,,,,,,,8,3.13,,,0.1,,21,0,46,,,,,,,,,,,,,,,,,,,,,,,,,,,,,,,,,,,,,,,,,,
145,912,arwel,A2000,,,21.8,,,,,1537,,,,,,,,,,,,,,,,,,,,,,,,,1.47,,,,,,,,,,,,,,,,,,,,,,,,,,,,,,"Data Bu Rina 1,2 "
146,913,arwel,A2500,,,22.5,,,,,1347,,,,,,,,,,,,,,,,,,,,,,,,,0.94,,,,,,,,,,,,,,,,,,,,,,,,,,,,,,
147,914,arwel,A3000,,,23.7,,,,,1373,,,,,,,,,,,,,,,,,,,,,,,,,0.94,,,,,,,,,,,,,,,,,,,,,,,,,,,,,,
148,915,arwel,A3500,,,23.4,,,,,1304,,,,,,,,,,,,,,,,,,,,,,,,,1.43,,,,,,,,,,,,,,,,,,,,,,,,,,,,,,
149,916,arwel,A4000,,,26.6,,,,,1228,,,,,,,,,,,,,,,,,,,,,,,,,2.43,,,,,,,,,,,,,,,,,,,,,,,,,,,,,,
150,917,arwel,A4500,,,25.1,,,,,1159,,,,,,,,,,,,,,,,,,,,,,,,,1.2,,,,,,,,,,,,,,,,,,,,,,,,,,,,,,
151,918,arwel,A5000,,,24.6,,,,,1157,,,,,,,,,,,,,,,,,,,,,,,,,2.54,,,,,,,,,,,,,,,,,,,,,,,,,,,,,,
152,919,arwel,A5500,,,28.8,,,,,1007,,,,,,,,,,,,,,,,,,,,,,,,,1.97,,,,,,,,,,,,,,,,,,,,,,,,,,,,,,
153,920,arwel,A6000,,,29.3,,,,,977,,,,,,,,,,,,,,,,,,,,,,,,,4,,,,,,,,,,,,,,,,,,,,,,,,,,,,,,
154,921,arwel,A6500,,,28.6,,,,,941,,,,,,,,,,,,,,,,,,,,,,,,,1.54,,,,,,,,,,,,,,,,,,,,,,,,,,,,,,
155,922,arwel,A7000,,,31.6,,,,,917,,,,,,,,,,,,,,,,,,,,,,,,,1.6,,,,,,,,,,,,,,,,,,,,,,,,,,,,,,
156,923,arwel,A7500,,,28.4,,,,,865,,,,,,,,,,,,,,,,,,,,,,,,,1.53,,,,,,,,,,,,,,,,,,,,,,,,,,,,,,
157,924,arwel,A8000,,,29.7,,,,,797,,,,,,,,,,,,,,,,,,,,,,,,,2.28,,,,,,,,,,,,,,,,,,,,,,,,,,,,,,
158,925,arwel,B4000,,,24.6,,,,,1511,,,,,,,,,,,,,,,,,,,,,,,,,1.7,,,,,,,,,,,,,,,,,,,,,,,,,,,,,,
159,926,arwel,B4500,,,25.8,,,,,1424,,,,,,,,,,,,,,,,,,,,,,,,,1.83,,,,,,,,,,,,,,,,,,,,,,,,,,,,,,
160,927,arwel,B5000,,,28,,,,,1260,,,,,,,,,,,,,,,,,,,,,,,,,2.44,,,,,,,,,,,,,,,,,,,,,,,,,,,,,,
161,928,arwel,B5500,,,28.6,,,,,1202,,,,,,,,,,,,,,,,,,,,,,,,,2.73,,,,,,,,,,,,,,,,,,,,,,,,,,,,,,
162,929,arwel,B6000,,,28.8,,,,,1128,,,,,,,,,,,,,,,,,,,,,,,,,1.57,,,,,,,,,,,,,,,,,,,,,,,,,,,,,,
163,930,arwel,B6500,,,26.5,,,,,1081,,,,,,,,,,,,,,,,,,,,,,,,,1.92,,,,,,,,,,,,,,,,,,,,,,,,,,,,,,
164,931,arwel,B6800,,,28,,,,,907,,,,,,,,,,,,,,,,,,,,,,,,,3.56,,,,,,,,,,,,,,,,,,,,,,,,,,,,,,
165,932,arwel,B7150,,,26.4,,,,,885,,,,,,,,,,,,,,,,,,,,,,,,,7.5,,,,,,,,,,,,,,,,,,,,,,,,,,,,,,
166,933,arwel,B7500,,,28.4,,,,,738,,,,,,,,,,,,,,,,,,,,,,,,,5.26,,,,,,,,,,,,,,,,,,,,,,,,,,,,,,
167,934,arwel,B8000,,,30.9,,,,,814,,,,,,,,,,,,,,,,,,,,,,,,,1.1,,,,,,,,,,,,,,,,,,,,,,,,,,,,,,
168,935,arwel,B8500,,,32,,,,,724,,,,,,,,,,,,,,,,,,,,,,,,,2.54,,,,,,,,,,,,,,,,,,,,,,,,,,,,,,
169,936,arwel,B9000,,,31.8,,,,,684,,,,,,,,,,,,,,,,,,,,,,,,,1.17,,,,,,,,,,,,,,,,,,,,,,,,,,,,,,
170,937,arwel,B9500,,,32.6,,,,,654,,,,,,,,,,,,,,,,,,,,,,,,,2.11,,,,,,,,,,,,,,,,,,,,,,,,,,,,,,
171,938,arwel,C3500,,,25.1,,,,,1857,,,,,,,,,,,,,,,,,,,,,,,,,1.23,,,,,,,,,,,,,,,,,,,,,,,,,,,,,,
172,939,arwel,C4000,,,24,,,,,1678,,,,,,,,,,,,,,,,,,,,,,,,,1.05,,,,,,,,,,,,,,,,,,,,,,,,,,,,,,
173,940,arwel,C4500,,,26.5,,,,,1509,,,,,,,,,,,,,,,,,,,,,,,,,1.84,,,,,,,,,,,,,,,,,,,,,,,,,,,,,,
174,941,arwel,C5000,,,25.7,,,,,1461,,,,,,,,,,,,,,,,,,,,,,,,,1.32,,,,,,,,,,,,,,,,,,,,,,,,,,,,,,
175,942,arwel,C5500,,,25.3,,,,,1322,,,,,,,,,,,,,,,,,,,,,,,,,3.17,,,,,,,,,,,,,,,,,,,,,,,,,,,,,,
176,943,arwel,C6000,,,25.2,,,,,1171,,,,,,,,,,,,,,,,,,,,,,,,,1.28,,,,,,,,,,,,,,,,,,,,,,,,,,,,,,
177,944,arwel,C6500,,,26.2,,,,,1169,,,,,,,,,,,,,,,,,,,,,,,,,1.27,,,,,,,,,,,,,,,,,,,,,,,,,,,,,,
178,945,arwel,C7250,,,29.5,,,,,1019,,,,,,,,,,,,,,,,,,,,,,,,,1.33,,,,,,,,,,,,,,,,,,,,,,,,,,,,,,
179,946,arwel,C7750,,,31,,,,,872,,,,,,,,,,,,,,,,,,,,,,,,,1.67,,,,,,,,,,,,,,,,,,,,,,,,,,,,,,
180,947,arwel,C8500,,,29.8,,,,,848,,,,,,,,,,,,,,,,,,,,,,,,,2.15,,,,,,,,,,,,,,,,,,,,,,,,,,,,,,
181,948,arwel,C9000,,,28,,,,,846,,,,,,,,,,,,,,,,,,,,,,,,,1.6,,,,,,,,,,,,,,,,,,,,,,,,,,,,,,
182,949,arwel,C9500,,,31.1,,,,,730,,,,,,,,,,,,,,,,,,,,,,,,,2.2,,,,,,,,,,,,,,,,,,,,,,,,,,,,,,
183,950,arwel,C10000,,,31.8,,,,,709,,,,,,,,,,,,,,,,,,,,,,,,,4.8,,,,,,,,,,,,,,,,,,,,,,,,,,,,,,
184,951,arwel,D3500,,,21.8,,,,,2129,,,,,,,,,,,,,,,,,,,,,,,,,0.79,,,,,,,,,,,,,,,,,,,,,,,,,,,,,,
185,952,arwel,D4000,,,22.1,,,,,1970,,,,,,,,,,,,,,,,,,,,,,,,,1.3,,,,,,,,,,,,,,,,,,,,,,,,,,,,,,
186,953,arwel,D5000,,,24.6,,,,,1644,,,,,,,,,,,,,,,,,,,,,,,,,2.16,,,,,,,,,,,,,,,,,,,,,,,,,,,,,,
187,954,arwel,D5500,,,24.6,,,,,1500,,,,,,,,,,,,,,,,,,,,,,,,,1.91,,,,,,,,,,,,,,,,,,,,,,,,,,,,,,
188,955,arwel,D6000,,,24,,,,,1375,,,,,,,,,,,,,,,,,,,,,,,,,1.08,,,,,,,,,,,,,,,,,,,,,,,,,,,,,,
189,956,arwel,D6500,,,25.5,,,,,1249,,,,,,,,,,,,,,,,,,,,,,,,,1,,,,,,,,,,,,,,,,,,,,,,,,,,,,,,
190,957,arwel,D7000,,,26.7,,,,,1139,,,,,,,,,,,,,,,,,,,,,,,,,1.06,,,,,,,,,,,,,,,,,,,,,,,,,,,,,,
191,958,arwel,D7500,,,26.8,,,,,1060,,,,,,,,,,,,,,,,,,,,,,,,,0.84,,,,,,,,,,,,,,,,,,,,,,,,,,,,,,
192,959,arwel,D8500,,,27,,,,,954,,,,,,,,,,,,,,,,,,,,,,,,,0.96,,,,,,,,,,,,,,,,,,,,,,,,,,,,,,
193,960,arwel,D9000,,,28.3,,,,,910,,,,,,,,,,,,,,,,,,,,,,,,,0.97,,,,,,,,,,,,,,,,,,,,,,,,,,,,,,
194,961,arwel,D9500,,,34.8,,,,,775,,,,,,,,,,,,,,,,,,,,,,,,,3.42,,,,,,,,,,,,,,,,,,,,,,,,,,,,,,
195,962,arwel,D10000,,,29.7,,,,,712,,,,,,,,,,,,,,,,,,,,,,,,,1.77,,,,,,,,,,,,,,,,,,,,,,,,,,,,,,
196,963,arwel,E4500,,,22.9,,,,,1806,,,,,,,,,,,,,,,,,,,,,,,,,2.04,,,,,,,,,,,,,,,,,,,,,,,,,,,,,,
197,964,arwel,E5000,,,29.2,,,,,1639,,,,,,,,,,,,,,,,,,,,,,,,,1.6,,,,,,,,,,,,,,,,,,,,,,,,,,,,,,
198,965,arwel,E5500,,,29.3,,,,,1513,,,,,,,,,,,,,,,,,,,,,,,,,0.98,,,,,,,,,,,,,,,,,,,,,,,,,,,,,,
199,966,arwel,E6000,,,29.4,,,,,1486,,,,,,,,,,,,,,,,,,,,,,,,,0.9,,,,,,,,,,,,,,,,,,,,,,,,,,,,,,
200,967,arwel,E6500,,,31.5,,,,,1268,,,,,,,,,,,,,,,,,,,,,,,,,1.29,,,,,,,,,,,,,,,,,,,,,,,,,,,,,,
201,968,arwel,E7000,,,25.8,,,,,653,,,,,,,,,,,,,,,,,,,,,,,,,0.78,,,,,,,,,,,,,,,,,,,,,,,,,,,,,,
202,969,arwel,E7500,,,30.9,,,,,1069,,,,,,,,,,,,,,,,,,,,,,,,,1.33,,,,,,,,,,,,,,,,,,,,,,,,,,,,,,
203,970,arwel,E8000,,,29.3,,,,,933,,,,,,,,,,,,,,,,,,,,,,,,,1.04,,,,,,,,,,,,,,,,,,,,,,,,,,,,,,
204,971,arwel,E9000,,,30.1,,,,,844,,,,,,,,,,,,,,,,,,,,,,,,,1.81,,,,,,,,,,,,,,,,,,,,,,,,,,,,,,
205,972,arwel,F4000,,,21.4,,,,,2120,,,,,,,,,,,,,,,,,,,,,,,,,0.63,,,,,,,,,,,,,,,,,,,,,,,,,,,,,,
206,973,arwel,F4500,,,23.8,,,,,1990,,,,,,,,,,,,,,,,,,,,,,,,,1.71,,,,,,,,,,,,,,,,,,,,,,,,,,,,,,
207,974,arwel,F5000,,,23,,,,,1727,,,,,,,,,,,,,,,,,,,,,,,,,1.05,,,,,,,,,,,,,,,,,,,,,,,,,,,,,,
208,975,arwel,F5500,,,26.4,,,,,1628,,,,,,,,,,,,,,,,,,,,,,,,,1.2,,,,,,,,,,,,,,,,,,,,,,,,,,,,,,
209,976,arwel,F6000,,,24.2,,,,,1478,,,,,,,,,,,,,,,,,,,,,,,,,0.95,,,,,,,,,,,,,,,,,,,,,,,,,,,,,,
210,977,arwel,F6400,,,26.2,,,,,1353,,,,,,,,,,,,,,,,,,,,,,,,,0.86,,,,,,,,,,,,,,,,,,,,,,,,,,,,,,
211,978,arwel,F7000,,,27.2,,,,,1177,,,,,,,,,,,,,,,,,,,,,,,,,1.35,,,,,,,,,,,,,,,,,,,,,,,,,,,,,,
212,979,arwel,F8000,,,28.7,,,,,1000,,,,,,,,,,,,,,,,,,,,,,,,,1.12,,,,,,,,,,,,,,,,,,,,,,,,,,,,,,
213,980,arwel,F8500,,,31.3,,,,,911,,,,,,,,,,,,,,,,,,,,,,,,,2.15,,,,,,,,,,,,,,,,,,,,,,,,,,,,,,
214,981,arwel,F9000,,,30.3,,,,,850,,,,,,,,,,,,,,,,,,,,,,,,,1.32,,,,,,,,,,,,,,,,,,,,,,,,,,,,,,
215,982,arwel,G4500,,,22.8,,,,,1759,,,,,,,,,,,,,,,,,,,,,,,,,1.2,,,,,,,,,,,,,,,,,,,,,,,,,,,,,,
216,983,arwel,G5000,,,23.5,,,,,1648,,,,,,,,,,,,,,,,,,,,,,,,,0.97,,,,,,,,,,,,,,,,,,,,,,,,,,,,,,
217,984,arwel,G5500,,,24.3,,,,,1440,,,,,,,,,,,,,,,,,,,,,,,,,1.24,,,,,,,,,,,,,,,,,,,,,,,,,,,,,,
218,985,arwel,G6000,,,25.7,,,,,1357,,,,,,,,,,,,,,,,,,,,,,,,,0.94,,,,,,,,,,,,,,,,,,,,,,,,,,,,,,
219,986,arwel,G6500,,,28.4,,,,,1222,,,,,,,,,,,,,,,,,,,,,,,,,1.07,,,,,,,,,,,,,,,,,,,,,,,,,,,,,,
220,987,arwel,G7000,,,26.5,,,,,1193,,,,,,,,,,,,,,,,,,,,,,,,,1.79,,,,,,,,,,,,,,,,,,,,,,,,,,,,,,
221,988,arwel,G7500,,,26.6,,,,,1155,,,,,,,,,,,,,,,,,,,,,,,,,1.14,,,,,,,,,,,,,,,,,,,,,,,,,,,,,,
222,989,arwel,G8000,,,27.5,,,,,975,,,,,,,,,,,,,,,,,,,,,,,,,0.91,,,,,,,,,,,,,,,,,,,,,,,,,,,,,,
223,990,arwel,G8500,,,27.1,,,,,837,,,,,,,,,,,,,,,,,,,,,,,,,1.44,,,,,,,,,,,,,,,,,,,,,,,,,,,,,,
224,991,arwel,G9000,,,27.7,,,,,765,,,,,,,,,,,,,,,,,,,,,,,,,1.82,,,,,,,,,,,,,,,,,,,,,,,,,,,,,,
225,992,arwel,PW1,,,17.2,,,,,3054,,,,,,,,,,,,,,,,,,,,,,,,,1.39,,,,,,,,,,,,,,,,,,,,,,,,,,,,,,
226,993,arwel,PW2,,,21.2,,,,,3004,,,,,,,,,,,,,,,,,,,,,,,,,1.74,,,,,,,,,,,,,,,,,,,,,,,,,,,,,,
227,994,arwel,PW3,,,25.7,,,,,2760,,,,,,,,,,,,,,,,,,,,,,,,,2.15,,,,,,,,,,,,,,,,,,,,,,,,,,,,,,
228,995,arwel,PW4,,,20.1,,,,,2506,,,,,,,,,,,,,,,,,,,,,,,,,2.73,,,,,,,,,,,,,,,,,,,,,,,,,,,,,,
229,996,arwel,JW-1,,,20.1,,,,,3152,,,,,,,,,,,,,,,,,,,,,,,,,24.49,,,,,,,,,,,,,,,,,,,,,,,,,,,,,,
230,997,arwel,JW-2,,,19.4,,,,,3150,,,,,,,,,,,,,,,,,,,,,,,,,4.27,,,,,,,,,,,,,,,,,,,,,,,,,,,,,,
231,998,arwel,JW-3,,,18.7,,,,,2764,,,,,,,,,,,,,,,,,,,,,,,,,1.52,,,,,,,,,,,,,,,,,,,,,,,,,,,,,,
232,999,arwel,JW-4,,,19.1,,,,,2657,,,,,,,,,,,,,,,,,,,,,,,,,1.5,,,,,,,,,,,,,,,,,,,,,,,,,,,,,,
233,9100,arwel,JW-5,,,21.7,,,,,2374,,,,,,,,,,,,,,,,,,,,,,,,,1.37,,,,,,,,,,,,,,,,,,,,,,,,,,,,,,
234,9101,arwel,JW-6,,,22.8,,,,,2109,,,,,,,,,,,,,,,,,,,,,,,,,1.41,,,,,,,,,,,,,,,,,,,,,,,,,,,,,,
235,9102,arwel,CA1,,,26.2,,,,,1612,,,,,,,,,,,,,,,,,,,,,,,,,2.17,,,,,,,,,,,,,,,,,,,,,,,,,,,,,,
236,9103,arwel,CA2,,,26.8,,,,,1698,,,,,,,,,,,,,,,,,,,,,,,,,2.04,,,,,,,,,,,,,,,,,,,,,,,,,,,,,,
237,9104,arwel,CA3,,,25.7,,,,,1740,,,,,,,,,,,,,,,,,,,,,,,,,2.37,,,,,,,,,,,,,,,,,,,,,,,,,,,,,,
238,9105,arwel,CA4,,,24.5,,,,,1672,,,,,,,,,,,,,,,,,,,,,,,,,3.63,,,,,,,,,,,,,,,,,,,,,,,,,,,,,,
239,9106,arwel,CA5,,,25.7,,,,,1651,,,,,,,,,,,,,,,,,,,,,,,,,1.97,,,,,,,,,,,,,,,,,,,,,,,,,,,,,,
240,9107,arwel,CA6,,,28,,,,,1587,,,,,,,,,,,,,,,,,,,,,,,,,3.97,,,,,,,,,,,,,,,,,,,,,,,,,,,,,,
241,9108,arwel,TP1,,,22,,,,,979,,,,,,,,,,,,,,,,,,,,,,,,,2.01,,,,,,,,,,,,,,,,,,,,,,,,,,,,,,
242,9109,arwel,PC1,,,31.4,,,,,674,,,,,,,,,,,,,,,,,,,,,,,,,2.58,,,,,,,,,,,,,,,,,,,,,,,,,,,,,,
243,9110,arwel,PC2,,,29.1,,,,,761,,,,,,,,,,,,,,,,,,,,,,,,,3.54,,,,,,,,,,,,,,,,,,,,,,,,,,,,,,
244,9111,arwel,PC3,,,33.01,,,,,919,,,,,,,,,,,,,,,,,,,,,,,,,2.71,,,,,,,,,,,,,,,,,,,,,,,,,,,,,,
245,9112,arwel,PC4,,,30.3,,,,,1134,,,,,,,,,,,,,,,,,,,,,,,,,4.48,,,,,,,,,,,,,,,,,,,,,,,,,,,,,,
246,9113,arwel,PC5,,,29.7,,,,,1236,,,,,,,,,,,,,,,,,,,,,,,,,1.07,,,,,,,,,,,,,,,,,,,,,,,,,,,,,,
247,9114,arwel,PC6,,,26.2,,,,,1381,,,,,,,,,,,,,,,,,,,,,,,,,0.93,,,,,,,,,,,,,,,,,,,,,,,,,,,,,,
248,9115,arwel,PC7,,,25.5,,,,,1464,,,,,,,,,,,,,,,,,,,,,,,,,1.02,,,,,,,,,,,,,,,,,,,,,,,,,,,,,,
249,9116,arwel,PC8,,,24,,,,,1596,,,,,,,,,,,,,,,,,,,,,,,,,1.18,,,,,,,,,,,,,,,,,,,,,,,,,,,,,,
250,9117,arwel,PC9,,,26.2,,,,,1007,,,,,,,,,,,,,,,,,,,,,,,,,2.34,,,,,,,,,,,,,,,,,,,,,,,,,,,,,,
251,9118,arwel,PC10,,,25.2,,,,,1287,,,,,,,,,,,,,,,,,,,,,,,,,1.86,,,,,,,,,,,,,,,,,,,,,,,,,,,,,,
252,9119,arwel,KB1,,,26.4,,,,,854,,,,,,,,,,,,,,,,,,,,,,,,,2.11,,,,,,,,,,,,,,,,,,,,,,,,,,,,,,
253,9120,arwel,KB2,,,28.9,,,,,969,,,,,,,,,,,,,,,,,,,,,,,,,2.43,,,,,,,,,,,,,,,,,,,,,,,,,,,,,,
254,9121,arwel,KB3,,,29.2,,,,,907,,,,,,,,,,,,,,,,,,,,,,,,,2.29,,,,,,,,,,,,,,,,,,,,,,,,,,,,,,
255,9122,arwel,KB4,,,29.9,,,,,813,,,,,,,,,,,,,,,,,,,,,,,,,1.51,,,,,,,,,,,,,,,,,,,,,,,,,,,,,,
256,9123,arwel,KB5,,,31,,,,,920,,,,,,,,,,,,,,,,,,,,,,,,,1.17,,,,,,,,,,,,,,,,,,,,,,,,,,,,,,
257,9124,arwel,KB6,,,30.5,,,,,708,,,,,,,,,,,,,,,,,,,,,,,,,1.22,,,,,,,,,,,,,,,,,,,,,,,,,,,,,,
258,9125,arwel,KB7,,,29.4,,,,,873,,,,,,,,,,,,,,,,,,,,,,,,,2.49,,,,,,,,,,,,,,,,,,,,,,,,,,,,,,
259,9126,arwel,WU-1,,,30.8,,,,,479,,,,,,,,,,,,,,,,,,,,,,,,,2.06,,,,,,,,,,,,,,,,,,,,,,,,,,,,,,
260,9127,arwel,WU-2,,,30.2,,,,,564,,,,,,,,,,,,,,,,,,,,,,,,,3.23,,,,,,,,,,,,,,,,,,,,,,,,,,,,,,
261,9128,arwel,WU-3,,,33.5,,,,,931,,,,,,,,,,,,,,,,,,,,,,,,,7.6,,,,,,,,,,,,,,,,,,,,,,,,,,,,,,
262,9129,arwel,WU-4,,,33.2,,,,,551,,,,,,,,,,,,,,,,,,,,,,,,,4.01,,,,,,,,,,,,,,,,,,,,,,,,,,,,,,
263,9130,arwel,WU-5,,,34,,,,,500,,,,,,,,,,,,,,,,,,,,,,,,,7.63,,,,,,,,,,,,,,,,,,,,,,,,,,,,,,
264,9131,arwel,WU-6,,,36.9,,,,,623,,,,,,,,,,,,,,,,,,,,,,,,,16.2,,,,,,,,,,,,,,,,,,,,,,,,,,,,,,
265,9132,arwel,WU-7,,,36.3,,,,,528,,,,,,,,,,,,,,,,,,,,,,,,,7.75,,,,,,,,,,,,,,,,,,,,,,,,,,,,,,
266,9133,arwel,WU-8,,,35.6,,,,,496,,,,,,,,,,,,,,,,,,,,,,,,,2.27,,,,,,,,,,,,,,,,,,,,,,,,,,,,,,
267,9134,arwel,WU-9,,,34.06,,,,,565,,,,,,,,,,,,,,,,,,,,,,,,,3.24,,,,,,,,,,,,,,,,,,,,,,,,,,,,,,
268,9135,arwel,WU-10,,,33.9,,,,,649,,,,,,,,,,,,,,,,,,,,,,,,,5.98,,,,,,,,,,,,,,,,,,,,,,,,,,,,,,
269,9136,arwel,WU-11,,,29.7,,,,,788,,,,,,,,,,,,,,,,,,,,,,,,,1.56,,,,,,,,,,,,,,,,,,,,,,,,,,,,,,
270,9137,arwel,WU-12,,,33.2,,,,,707,,,,,,,,,,,,,,,,,,,,,,,,,2.31,,,,,,,,,,,,,,,,,,,,,,,,,,,,,,
271,9138,arwel,WU-13,,,30.3,,,,,566,,,,,,,,,,,,,,,,,,,,,,,,,1.89,,,,,,,,,,,,,,,,,,,,,,,,,,,,,,
272,9139,arwel,WU-14,,,30.2,,,,,651,,,,,,,,,,,,,,,,,,,,,,,,,1.29,,,,,,,,,,,,,,,,,,,,,,,,,,,,,,
273,1001,AP. PADUSAN 1,APP1,,2460,22,55,2,,,893,189.75,,0.03,0.86,149.5,82.36,259.53,61.8,0.19,,282.3,203.2,1029.29,,,,0,6.36,0,1,,,,,6.3,,,,,,,,,,,,,,,,,,,,,,,,,,,,,,
274,1002,AP. PADUSAN 2,APP2,,2650,25,50,2,,,901,173.28,,0.03,1.93,159.6,100.13,256.27,56.7,0.17,,282.3,182.71,1135.81,,,,0,5.24,0,1,,,,,5.87,,,,,,,,,,,,,,,,,,,,,,,,,,,,,,
275,1003,AP. COBAAN ,APCO,,1770,22.7,39.4,0.1,,,1348,141.4,,0.03,1.29,114.2,77.86,188.28,39.5,0.12,,211.72,160.49,815.58,,,,0,0,0,0.5,,,,,6.44,,,,,,,,,,,,,,,,,,,,,,,,,,,,,,
276,1004,AP. CANGAR 1,APC1,,1240,24.1,54.1,3,,,1611,115.3,,0.03,0,75.6,67.66,108.87,29.5,0.1,,63.52,77.36,719.18,,,,0,0.37,0,1,,,,,5.93,,,,,,,,,,,,,,,,,,,,,,,,,,,,,,
277,1005,AP. CANGAR 2,APC2,,850,22.3,48.3,3,,,1604,116.59,,0,0,55.7,32.35,77.57,19.86,0.1,,25,62.55,454.82,,,,0,0.37,0,0.5,,,,,6,,,,,,,,,,,,,,,,,,,,,,,,,,,,,,
278,1006,AD. PUNDAK,ADP,,84,25,25,5,,,1589,34.8,,0.03,0,7.21,1.81,2.36,1.59,0,,5,2,28.39,,,,0,0,0,0,,,,,7.66,,,,,,,,,,,,,,,,,,,,,,,,,,,,,,
279,1007,SOLFATARA,WF02,,-,17.2,"94,1 - 137,3",-,,,3054,,,,,,,,,,,,,,,,,,,,,,,,,-,,,,,,,,,,,,,,,,,,,,,,,,,,,,,,
280,1008,SOLFATARA,WF03,,-,18.2,"94,1 - 137,4",-,,,3055,,,,,,,,,,,,,,,,,,,,,,,,,-,,,,,,,,,,,,,,,,,,,,,,,,,,,,,,
281,1009,SOLFATARA,WF05,,-,19.2,"94,1 - 137,5",-,,,3056,,,,,,,,,,,,,,,,,,,,,,,,,-,,,,,,,,,,,,,,,,,,,,,,,,,,,,,,
282,1010,SOLFATARA,WF06,,-,20.2,"94,1 - 137,6",-,,,3057,,,,,,,,,,,,,,,,,,,,,,,,,-,,,,,,,,,,,,,,,,,,,,,,,,,,,,,,
283,1011,Palimanan 1,,,,34,54.5,,,,,27.29,,,0.01,15.72,165.43,1873.4,138.6,0.09,,2913.3,283.2,598.35,,0.182,,0.006,14.351,-,1.49,,,,,6.77,,,,,,,,,,,,,,,,,,,,,,,,,,,,,,
284,1012,Palimanan 2,,,,,55.9,0.2,,,,,,,-,-,-,-,-,,,-,-,-,,,,,,-,,,,,,,,,,,,,,,,,,,,,,,,,,,,,,,,,,,,
285,1013,Palimanan 3,,,,,55.5,,,,,,,,-,-,-,-,-,,,-,-,-,,,,,,-,,,,,,,,,,,,,,,,,,,,,,,,,,,,,,,,,,,,
286,1014,Palimanan 4,,,,,51,,,,,,,,-,-,-,-,-,,,-,-,-,,,,,,-,,,,,,,,,,,,,,,,,,,,,,,,,,,,,,,,,,,,
287,1015,Palimanan 5,,,,,36,,,,,,,,-,-,-,-,-,,,-,-,-,,,,,,-,,,,,,,,,,,,,,,,,,,,,,,,,,,,,,,,,,,,
288,1016,Gunung Kuda,,,,28.9,36.2,0.3,,,,128.7,,,0.75,9.82,30.49,146.05,6.2,0.051,,104.5,0.9,362.09,,0.01,,0.001,0.417,12.48,0.01,,,,,8.36,,,,,,,,,,,,,,,,,,,,,,,,,,,,,,
289,1017,Cipanas,,,,29,36.7,,,,,43.3,,,21.3,14.14,20.58,8.54,2.86,0.035,,10.1,503.5,-,,0.01,,0.0015,0.079,-,0.07,,,,,2.82,,,,,,,,,,,,,,,,,,,,,,,,,,,,,,
290,1018,Kedondong Kidul,,,,28,37.3,0.3,,,,104.25,,,0.57,26.72,36.77,61.4,4.51,0.63,,8,26.3,434.04,,0.003,,0.0158,0.285,-,0.01,,,,,7.31,,,,,,,,,,,,,,,,,,,,,,,,,,,,,,
291,1019,Liang Panas,,,,23.4,36.3,0.5,,,,71.88,,,1.74,13.36,89.1,2269,113.6,0.009,,3616,13.6,1029,,0.075,,0.0002,0.844,-,0.01,,,,,6.69,,,,,,,,,,,,,,,,,,,,,,,,,,,,,,
292,1020,Palimanan 6,,,,29.2,60,,,,,35.45,,,0.01,31.43,442.64,2939.5,113.6,0.033,,2659,92.5,664.55,,0.003,,0.0002,12.382,27.74,0.01,,,,,8.62,,,,,,,,,,,,,,,,,,,,,,,,,,,,,,
293,1021,Palimanan 7,,,,27.9,30.4,0.3,,,,9.74,,,0.02,21.22,38.65,18.42,2.5,0.033,,9.1,167.7,112.8,,0.003,,0.0022,0.005,-,0.01,,,,,7.83,,,,,,,,,,,,,,,,,,,,,,,,,,,,,,
294,1022,Anyer,,,,23,40,5,,,,19.52,,,0.09,20.33,8.9,150.16,45.67,0.09,,172.6,26.51,270.03,,0,,0.006,0.167,10.42,0,,,,,8.48,,,,,,,,,,,,,,,,,,,,,,,,,,,,,,
295,1023,Kareos,,,,20,41.5,5,,,,12.22,,,0.14,68.82,3.98,1022.59,77.33,0.947,,493.14,268.04,1416.36,,0,,0.0327,0.475,65.1,0,,,,,8.53,,,,,,,,,,,,,,,,,,,,,,,,,,,,,,
296,1024,Batukuwung 1,,,,22,60.7,240,,,,22.63,,,0.07,31.28,23.97,126.58,50.68,0.051,,73.97,190.08,275.33,,0.218,,0.001,0.273,26.04,0.218,,,,,8.49,,,,,,,,,,,,,,,,,,,,,,,,,,,,,,
297,1025,Batukuwung 2,,,,22,58.1,,,,,21.35,,,0.4,37.54,18.76,85.03,46.13,0.035,,123.29,35.21,312.39,,0,,0.0015,0.186,16.93,0,,,,,8.54,,,,,,,,,,,,,,,,,,,,,,,,,,,,,,
298,1026,Batukuwung 3,,,,,28.4,,,,,,,,-,-,-,-,-,,,-,-,-,,,,,,-,,,,,,,,,,,,,,,,,,,,,,,,,,,,,,,,,,,,
299,1027,Cilenge 1,,,,20,54,20,,,,20.86,,,0.35,51.61,26.27,456.03,83.71,0.63,,542.26,9.14,418.29,,0.159,,0.0158,0.508,6.51,0.159,,,,,8.47,,,,,,,,,,,,,,,,,,,,,,,,,,,,,,
300,1028,Cilenge AD,,,,,32.1,5,,,,11.7,,,0.07,58.65,25.3,26.49,11.03,0.009,,123.29,23.26,264.74,,0,,0.0002,0.197,6.51,0,,,,,8.53,,,,,,,,,,,,,,,,,,,,,,,,,,,,,,
301,1029,Cacaban AD,,,,,27.4,60,,,,5.65,,,0.06,6.26,3.05,10.15,6.04,0.005,,2.47,0.21,1416.36,,0,,0.0002,0.193,28.64,0,,,,,7.82,,,,,,,,,,,,,,,,,,,,,,,,,,,,,,
302,1030,Sadatani,,,,20,40.8,10,,,,11.7,,,0.57,31.28,17.36,136.16,54.77,0.033,,197.2,0.21,389.17,,0.017,,0.0002,0.159,10.42,0.017,,,,,8.49,,,,,,,,,,,,,,,,,,,,,,,,,,,,,,
303,1031,Cilurah,,,,20,49.3,20,,,,7.61,,,0.34,54.61,38.53,1199.45,72.7,0.943,,1380.8,0.21,309.75,,0.312,,0.0022,1.087,9.11,1.033,,,,,8.35,,,,,,,,,,,,,,,,,,,,,,,,,,,,,,
304,1032,Pantai Anyer AD,,,,,,,,,,,,,-,-,-,-,-,,,-,-,-,,,,,,-,,,,,,,,,,,,,,,,,,,,,,,,,,,,,,,,,,,,
305,1033,Kajaroan,,,,20,44.8,60,,,,13.82,,,0.45,40.67,35.74,251.68,52.68,0.226,,320.54,0.21,532.13,,0.039,,0.0002,2.474,19.53,0.442,,,,,8.69,,,,,,,,,,,,,,,,,,,,,,,,,,,,,,
306,1034,Cipanas Hilir,,,,20,43.1,,,,,35.43,,,0,7.94,11.38,19.06,9.76,0.006,,9.58,3.29,124.4,,0.003,,0.0008,0.138,0.4,0.224,,,,,7.54,,,,,,,,,,,,,,,,,,,,,,,,,,,,,,
307,1035,Ciasem AD,,,,,27.1,,,,,<d.l,,,1.69,57.14,20.91,12.02,2.98,0.002,,19.24,244,<dl,,0.006,,0.0002,0.264,<dl,1.34,,,,,3.28,,,,,,,,,,,,,,,,,,,,,,,,,,,,,,
308,1036,Cileunyeup,,,,20,49.5,,,,,25.28,,,22.27,71.43,45.79,93.42,35.67,0.05,,38.48,269.15,237.9,,0.001,,0.0005,0.635,42.12,0.57,,,,,8.53,,,,,,,,,,,,,,,,,,,,,,,,,,,,,,
309,1037,Cibubuay,,,,,38.4,0.2,,,,78.78,,,"<0,01",26.1,12.97,75,0.79,0.008,,38.27,68.75,14.18,,0.295,,0.005,0.048,127.83,0.403,,,,,8.45,,,,,,,,,,,,,,,,,,,,,,,,,,,,,,
310,1038,Cimandiri Barat,,,,,42.1,1,,,,78.78,,,"<0,01",28.56,3.32,87.15,0.92,0.009,,45.72,118,9.07,,0.322,,0.0026,0.057,124.5,0.57,,,,,8.27,,,,,,,,,,,,,,,,,,,,,,,,,,,,,,
311,1039,Cimandiri Timur,,,,,42.3,3,,,,65.1,,,0.02,24.47,6.28,87.85,0.8,0.009,,43.74,118,11.34,,0.199,,0.004,0.092,141.32,0.63,,,,,8.33,,,,,,,,,,,,,,,,,,,,,,,,,,,,,,
312,1040,Cipanas,,,,,38.2,1,,,,54.45,,,"<0,01",22.84,6.31,76.33,0.54,0.007,,27.83,65.35,11.34,,0.35,,0.0011,0.068,179.9,0.43,,,,,8.32,,,,,,,,,,,,,,,,,,,,,,,,,,,,,,
313,1041,Cimandiri,,,,,,,,,,29.9,,,0.253,20.39,6.35,10.26,1.19,0.001,,9.94,10.29,-,,<0.02,,<0.0002,0.002,83,0.19,,,,,7.69,,,,,,,,,,,,,,,,,,,,,,,,,,,,,,
314,1042,Cisolok 1,,,,,103,10,,,,12.22,,,0.144,68.82,28.1,1022.59,77.33,0.0179,,369.86,268.04,1416.36,,0,,0.0414,0.475,23.64,1.033,,,,,7.24,,,,,,,,,,,,,,,,,,,,,,,,,,,,,,
315,1043,Cisolok 2,,,,,99,,,,,,,,-,-,-,-,-,,,-,-,-,,,,,,-,,,,,,,,,,,,,,,,,,,,,,,,,,,,,,,,,,,,
316,1044,Cisolok 3,,,,,82,,,,,,,,-,-,-,-,-,,,-,-,-,,,,,,-,,,,,,,,,,,,,,,,,,,,,,,,,,,,,,,,,,,,
317,1045,Cisolok 4,,,,,101,,,,,,,,-,-,-,-,-,,,-,-,-,,,,,,-,,,,,,,,,,,,,,,,,,,,,,,,,,,,,,,,,,,,
318,1046,Cisolok 5,,,,,90,,,,,13.55,,,0.093,50.05,8.34,325.37,24.92,0.175,,369.86,187.45,201.2,,0.072,,0.0476,0.673,6.51,1.033,,,,,8.32,,,,,,,,,,,,,,,,,,,,,,,,,,,,,,
319,1047,Cisolok 6,,,,,96,,,,,,,,-,-,-,-,-,,,-,-,-,,,,,,-,,,,,,,,,,,,,,,,,,,,,,,,,,,,,,,,,,,,
320,1048,Cisukarame,,,,,46,0.3,,,,20.19,,,-,1.19,2.52,79.05,0.52,0.014,,6.73,12.52,154.64,,0.003,,0.0094,,16.38,0.29,,,,,8.48,,,,,,,,,,,,,,,,,,,,,,,,,,,,,,
321,1049,Cimanggu-1,,,,,34.9,,,,,6.95,,,0.26,24.54,9.67,62.13,13.54,0.284,,9.67,"< 0,5",268.42,,0.15,,0.0046,0.288,-,0.28,,,,,7.22,,,,,,,,,,,,,,,,,,,,,,,,,,,,,,
322,1050,Cimanggu-2,,,,,35.2,,,,,5.64,,,1.03,28.63,15.04,78.99,14.96,0.217,,35.24,"< 0,5",320.23,,0.174,,0.0037,0.264,-,0.22,,,,,7.04,,,,,,,,,,,,,,,,,,,,,,,,,,,,,,
323,1051,Kancah,,,,,33.7,7,,,,4.89,,,4.22,49.08,63.5,105.6,58.04,0.751,,249.7,471,-,,0.19,,0.0027,1.511,-,1.579,,,,,3.32,,,,,,,,,,,,,,,,,,,,,,,,,,,,,,
324,1052,Cilayu,,,,,53.5,,,,,156.76,,,0.03,75.74,8.2,1000,61.43,1.3,,1213.6,402.03,257.6,,28.27,,,,15,,,,,,8.4,,,,,,,,,,,,,,,,,,,,,,,,,,,,,,
325,1053,Pakenjeng-1,,,,,59.6,20,,,,64.18,,,0.01,270.2,1.34,265,5.61,0.08,,177.5,912.63,45.02,,3.19,,,,-,,,,,,7.7,,,,,,,,,,,,,,,,,,,,,,,,,,,,,,
326,1054,Pakenjeng2,,,,,40.9,20,,,,65.51,,,0,240,2.2,265,4.29,0.07,,213,778.83,60.02,,1.06,,,,-,,,,,,7.8,,,,,,,,,,,,,,,,,,,,,,,,,,,,,,
327,1055,Pakenjeng-3,,,,,40.9,2,,,,,,,-,-,-,-,-,,,-,-,-,,,,,,-,,,,,,,,,,,,,,,,,,,,,,,,,,,,,,,,,,,,
328,1056,Cipanas-1,,,,,48,,,,,43.31,,,1.54,4.03,44.35,306,25.3,0.28,,259.6,1.12,461.4,,1.4,,0,0.02,47.52,1.09,,,,,8.3,,,,,,,,,,,,,,,,,,,,,,,,,,,,,,
329,1057,Cipanas-2,,,,,49.3,,,,,53.54,,,0.85,8.06,46.29,221.3,22.6,0.22,,254.6,"< 0,50",444.5,,0.39,,0,0.01,30.87,0.99,,,,,8.27,,,,,,,,,,,,,,,,,,,,,,,,,,,,,,
330,1058,Cileusing,,,,,44,,,,,52.72,,,1.24,11.28,60.67,455,35.4,0.75,,635.3,2.22,519.5,,1.12,,0,1.66,23.76,1.02,,,,,7.97,,,,,,,,,,,,,,,,,,,,,,,,,,,,,,
331,1059,Cibuni,,,,,83.6,,,,,74.19,,,1.64,16.2,9.4,10.5,4.6,<0.5,,5,255.13,-,,,,<0.1,,-,,,,,,2.4,,,,,,,,,,,,,,,,,,,,,,,,,,,,,,
332,1060,Cimanggu,,,,,78,70,,,,172.03,,,-,28.7,16.8,84.8,19.2,<0.5,,35.5,55.96,375.02,,,,<0.1,,-,,,,,,7.6,,,,,,,,,,,,,,,,,,,,,,,,,,,,,,
333,1061,Kertasana,,,,,50.1,,,,,190.92,,,-,38.4,33.4,77.9,24,<0.5,,-,115.22,457.65,,,,<0.1,,-,,,,,,6.9,,,,,,,,,,,,,,,,,,,,,,,,,,,,,,
334,1062,Cibolang,,,,,66.5,,,,,197.43,,,-,76.8,42.1,74.4,29.4,<0.5,,8,227.15,438.58,,,,<0.1,,-,,,,,,7.7,,,,,,,,,,,,,,,,,,,,,,,,,,,,,,
335,1063,Maribaya,,,,,45.8,60-70,,,,188.46,,,-,-,-,-,-,<0.5,,53.25,25,680.27,,,,<0.1,,-,,,,,,7.8,,,,,,,,,,,,,,,,,,,,,,,,,,,,,,
336,1064,Papandayan,,,,,74-93,5,,,,426.21,,,11.07,-,-,-,-,6.48,,71,14402.5,-,,,,0.2,,-,,,,,,1.8,,,,,,,,,,,,,,,,,,,,,,,,,,,,,,
337,1065,Cibeureum,,,,,44.8,50,,,,158.51,,,5.25,-,-,-,-,<0.5,,-,625.48,-,,,,<0.1,,-,,,,,,3.5,,,,,,,,,,,,,,,,,,,,,,,,,,,,,,
338,1066,Toblong,,,,,46.2,,,,,133.7,,,-,-,-,-,-,<0.5,,-,337.43,160.06,,,,<0.1,,-,,,,,,8.5,,,,,,,,,,,,,,,,,,,,,,,,,,,,,,
339,1067,Cipatujah,,,,,50.1,,,,,36.62,,,-,-,-,-,-,<0.5,,905.25,2702.56,32.51,,,,0.8,,-,,,,,,6.5,,,,,,,,,,,,,,,,,,,,,,,,,,,,,,
340,1068,Cileungsing,,,,,47.4,,,,,175.29,,,0.33,43.3,51.9,510.2,31.4,<0.5,,727.75,-,686.47,,,,<0.1,,-,,,,,,7.7,,,,,,,,,,,,,,,,,,,,,,,,,,,,,,
341,1069,Sekarwangi,,,,,49.2,10,,,,187.54,,,-,57.9,46.1,208.1,21.2,<0.5,,213,-,622.91,,,,<0.1,,-,,,,,,6.8,,,,,,,,,,,,,,,,,,,,,,,,,,,,,,
342,1070,Kampung Sumur,,,,,34.9,5,,,,99.34,,,-,-,-,-,-,<0.5,,71,10,235.09,,,,<0.1,,-,,,,,,6.75,,,,,,,,,,,,,,,,,,,,,,,,,,,,,,
343,1071,,HDul1,,,,,,,,,,,0.07,0.06,323.1,2.76,181.4,2.25,0.01,,147.6,836.17,71.56,,,,0,0.01,,0.14,,,,,7.46,,,,,,,,,,,,,,,,,,,,,,,,,,,,,,IIGW 2016
344,1072,,HDul2,,,,,,,,,,,0.14,0.07,271.9,2.24,180.3,2.36,0.02,,146.6,796.31,71.79,,,,0,0.01,,1.35,,,,,7.96,,,,,,,,,,,,,,,,,,,,,,,,,,,,,,
345,1073,,HPoh1,,,,,,,,,,,0.14,2.83,176,35.17,2457,253.89,10.99,,2800.38,670.75,1735.34,,,,0,1.55,,2.25,,,,,6.92,,,,,,,,,,,,,,,,,,,,,,,,,,,,,,
346,1074,,HPoh2,,,,,,,,,,,0.14,2.7,263.9,59.25,2594,265,11.84,,3173.59,751.4,1839.33,,,,0,1.49,,1.44,,,,,7.4,,,,,,,,,,,,,,,,,,,,,,,,,,,,,,
347,1075,,HDil1,,,,,,,,,,,0.07,0.08,130.1,4.59,497.4,5.76,0.19,,665.94,360.47,78.79,,,,1,0.1,,2,,,,,6.94,,,,,,,,,,,,,,,,,,,,,,,,,,,,,,
348,1076,,HDil2,,,,,,,,,,,0.14,0.06,164,3.67,503.64,5.47,0.5,,750.1,334.14,66.97,,,,1,0.07,,1.85,,,,,7.6,,,,,,,,,,,,,,,,,,,,,,,,,,,,,,
349,1077,,HDil3,,,,,,,,,,,0.14,0.06,231.5,1.87,696.4,7.39,0.73,,1120.78,253.89,26.84,,,,1,0,,2.83,,,,,7.42,,,,,,,,,,,,,,,,,,,,,,,,,,,,,,
350,1078,,HTu,,,,,,,,,,,0.14,0.08,44.12,18.5,318.8,3.76,0.17,,126.6,300.24,538.54,,,,0.5,0.02,,0.61,,,,,6.87,,,,,,,,,,,,,,,,,,,,,,,,,,,,,,
351,1079,,Cbo,,,,,,,,,,,0.07,0.08,250.3,31.65,74.5,7.45,0.07,,25,625.48,217.34,,,,0,0.27,,0,,,,,6.67,,,,,,,,,,,,,,,,,,,,,,,,,,,,,,
352,1080,,Cpoh,,,,,,,,,,,0.14,0.13,7.44,0.52,6.43,0.69,0.01,,4,6,28.21,,,,0,0.01,,0.07,,,,,7.3,,,,,,,,,,,,,,,,,,,,,,,,,,,,,,
353,1081,,Cdil,,,,,,,,,,,0.14,0.08,58.19,8.8,10.13,1.2,0.01,,27.45,25.51,170.29,,,,0,0.32,,1.12,,,,,6.58,,,,,,,,,,,,,,,,,,,,,,,,,,,,,,
354,1082,Ampallas,,Hos spring,551 - 1920,,35 - 66,0.5 - 1,,,,,,,,,,,,,,,,,,,,,,,,,,,,6.8 - 7.2,,,,,,,,,,,,,,,,,,,,,,,,,,,,,Fauziyyah dkk,IIGW TAT
355,1083,Batupane,,Hos spring,360,,40.3,1,,,,,,,,,,,,,,,,,,,,,,,,,,,,8.6,,,,,,,,,,,,,,,,,,,,,,,,,,,,,Fauziyyah dkk,
356,1084,Gantungan,,Hos spring,527,,34.6,1,,,,,,,,,,,,,,,,,,,,,,,,,,,,9.8,,,,,,,,,,,,,,,,,,,,,,,,,,,,,Fauziyyah dkk,
357,1085,Karema,,Hos spring,1074,,48,0.5,,,,,,,,,,,,,,,,,,,,,,,,,,,,8.7,,,,,,,,,,,,,,,,,,,,,,,,,,,,,Fauziyyah dkk,
358,1086,Ampallas -1,Ampallas -1,Hos spring,,,,,,,,74.42,1.53,,,,3.85,535.6,19.74,0.39,,513.26,,597.37,,2.64,,,,,,,,,,,,,,,,,,,,,,,,,,,,,,,,,,,,,,,Fauziyyah dkk,
359,1087,Ampallas -2,Ampallas -2,Hos spring,,,,,,,,71.41,0.85,,,,4.02,521.43,20.97,0.39,,492.07,,606.64,,2.9,,,,,,,,,,,,,,,,,,,,,,,,,,,,,,,,,,,,,,,Fauziyyah dkk,
360,1088,Ampallas -3,Ampallas -3,Hos spring,,,,,,,,60.65,1.99,,,,4.59,522.53,20.97,0.37,,532.69,,609.05,,2.76,,,,,,,,,,,,,,,,,,,,,,,,,,,,,,,,,,,,,,,Fauziyyah dkk,
361,1089,Ampallas -4,Ampallas -4,Hos spring,,,,,,,,40.83,12.24,,,,3.51,229.79,29.05,0.04,,174.7,,360.63,,1.41,,,,,,,,,,,,,,,,,,,,,,,,,,,,,,,,,,,,,,,Fauziyyah dkk,
362,1090,Ampallas -5,Ampallas -5,Hos spring,,,,,,,,70.04,78.92,,,,13.04,90.86,24.12,0.01,,1.37,,283.04,,0.17,,,,,,,,,,,,,,,,,,,,,,,,,,,,,,,,,,,,,,,Fauziyyah dkk,
363,1091,Ampallas -7,Ampallas -7,Hos spring,,,,,,,,88.2,1.5,,,,5.05,370.09,16.07,0.35,,355.37,,435.31,,2.51,,,,,,,,,,,,,,,,,,,,,,,,,,,,,,,,,,,,,,,Fauziyyah dkk,
364,1092,Ampallas -8,Ampallas -8,Hos spring,,,,,,,,65.44,1.88,,,,8.72,191.27,19.62,0.09,,161.09,,329.89,,1.11,,,,,,,,,,,,,,,,,,,,,,,,,,,,,,,,,,,,,,,Fauziyyah dkk,
365,1093,Batupane,,Hos spring,,,,,,,,32.09,6.6,,,,0.19,88.47,16.27,0.02,,3.01,,238.26,,0.6,,,,,,,,,,,,,,,,,,,,,,,,,,,,,,,,,,,,,,,Fauziyyah dkk,
366,1094,Gantungan,,Hos spring,,,,,,,,74.89,20.65,,,,0.19,141.71,1.96,0.02,,4.2,,316.71,,0.6,,,,,,,,,,,,,,,,,,,,,,,,,,,,,,,,,,,,,,,Fauziyyah dkk,
367,1095,Karema,,Hos spring,,,,,,,,62.51,17.9,,,,0.08,316.99,16.6,0.01,,31.68,,481.69,,1.92,,,,,,,,,,,,,,,,,,,,,,,,,,,,,,,,,,,,,,,Fauziyyah dkk,
368,1096,NGT ,NGT ,,,,,,,,,"140,64",,"0,00","0,00","194,10",82,"146,60","35,95","0,22","5,76","253,53","0,54","1122,72","7,53","9,84",,,,,,,,,,6.96,,,,,,,,,,,,,,,,,,,,,,,,,,,,,Haq dkk,
369,1097,GDS ,GDS ,,,,,,,,,106,,,-,6,-,5,9,0,-,164,372,0,-,0,,,,,,,,,,-,,,,,,,,,,,,,,,,,,,,,,,,,,,,,Haq dkk,
370,1098,Mapos,,,1300,,50.5,1,,,,31.34,,,,,29.5,14.64,14.64,,,38.59,701.24,171.04,,,,,,,,,,,,5.96,,,,,,,,,,,,81,85,233,247,65,,,,,,,,,,,,,Prabowo dkk,
371,1099,Wae Lereng,,,964,,36,1,,,,149.66,,,,,29,13.05,13.05,,,59.7,69.57,345.27,,,,,,,,,,,,6.13,153 -161,,,,,,,,,,,161,153,297,305,87,,,,,,,,,,,,,Prabowo dkk,
372,10100,Ulu Galung,,,1300,,36.1,2,,,,58.04,,,,,23.7,3.5,3.5,,,11.12,257.6,176.9,,,,,,,,,,,,5.95,109,,,,,,,,,,,109,109,199,215,29,,,,,,,,,,,,,Prabowo dkk,
373,10101,ML-H1 100%,,,,,,,,,,471,,,,,,,,,,1724,,,,,,,,,,,,,,7.61,,,,,,,,,,,,,,,,,,,,,,,,,,,,,Alfiandy dkk,
374,10102,ML-H1 100%,,,,,,,,,,569,,,,,,,,,,1841,,,,,,,,,,,,,,7.85,,,,,,,,,,,,,,,,,,,,,,,,,,,,,Alfiandy dkk,
375,10103,ML-H1 100%,,,,,,,,,,565,,,,,,,,,,1930,,,,,,,,,,,,,,7.73,,,,,,,,,,,,,,,,,,,,,,,,,,,,,Alfiandy dkk,
376,10104,Gedongsongo,GDS-UGM-2,,,,,,,,,,,,,,,,,,,,,,,,,,,,,,,,,,210.25,31.46,-145.35,,,,,,,,,,,,,,372.94,394.7,335.6,365.6,334.92,353.74,,,,,,,Wahyudi dkk,
377,10105,Gedongsongo,West-Ung-1,,,,,,,,,,,,,,,,,,,,,,,,,,,,,,,,,,328.86,69.77,354.17,,92.89,94.82,177.77,64.21,42.69,-3.48,-21.62,,,,,,515.39,553.2,457.32,457.32,420.56,429.59,-7.78,25.34,113.38,151.92,,,Wahyudi dkk,
378,10106,Gedongsongo,East Ung-2,,,,,,,,,,,,,,,,,,,,,,,,,,,,,,,,,,216.08,30.15,-137.95,,176.34,165.19,261.3,149.32,126.5,76.74,52.87,,,,,,379.92,402.37,370.38,330.38,357.77,357.77,,,,,,,Wahyudi dkk,
379,10107,Kaliulo,KLO-UGW-9,,,,,,,,,,,,,,34.6,5152.9,182.1,,,5345.1,13,419.5,,,,,,,,,,,,,,,,,,,,,,,,,,,,,,,,,,,,,,,,,"(Phuong dkk, 2005)",
380,10108,Kaliulo,KLO-UGW-10,,,,,,,,,,,,,,17.4,44,3.4,,,75.4,15,320.4,,,,,,,,,,,,7.2,,,,,,,,,,,,,,,,,,,,,,,,,,,,,"(Phuong dkk, 2005)",
381,10109,Diwak,DWK-UGW-17A,,,,,,,,,,,,,,30.4,128.1,1.9,,,111.5,0.1,1436.6,,,,,,,,,,,,7.2,,,,,,,,,,,,,,,,,,,,,,,,,,,,,"(Phuong dkk, 2005)",
382,10110,Diwak,DWK-UGW-17B,,,,,,,,,,,,,,6.9,46.3,0.6,,,19.2,1.8,292.3,,,,,,,,,,,,6.8,,,,,,,,,,,,,,,,,,,,,,,,,,,,,"(Phuong dkk, 2005)",
383,10111,Derekan,DRK-UGW-21,,,,,,,,,,,,,,31.3,131.1,2.2,,,119.1,0.3,1561.8,,,,,,,,,,,,7.4,,,,,,,,,,,,,,,,,,,,,,,,,,,,,"(Phuong dkk, 2005)",
384,10112,Gonoharjo,GNH-YBE-1,,,,,,,,,140.6,,,,,82,146.6,36,0.2,,253.5,0.5,1122.7,,,,,,,,,,,,6.9,,,,,,,,,,,,,,,,,,,,,,,,,,,,,"(Phuong dkk, 2005)",
385,10113,Medini,MDN-YBE-1,,,,,,,,,158.82,,,,,80.9,155,37.8,0.3,,94.5,1,1220.7,,,,,,,,,,,,7,,,,,,,,,,,,,,,,,,,,,,,,,,,,,"(Emianto dan Aribowo, 2011)",
386,10114,Medini,MDN-YBE-2,,,,,,,,,166.8,,,,,85.1,158.7,38,0.3,,97.5,1.4,1287.5,,,,,,,,,,,,7,,,,,,,,,,,,,,,,,,,,,,,,,,,,,"(Emianto dan Aribowo, 2011)",
387,10115,Gedongsongo,GDS-UGW-2,,,,,,,,,,,,,,10.4,25.3,8.6,,,1.2,136.2,58.7,,,,,,,,,,,,6.9,,,,,,,,,,,,,,,,,,,,,,,,,,,,,"(Emianto dan Aribowo, 2011)",
388,10116,Gedongsongo,West Ung-1,,,,,,,,,41.1,,,,,40.4,91.8,54.3,0.1,,753.3,3008.2,0,,,,,,,,,,,,5.4,,,,,,,,,,,,,,,,,,,,,,,,,,,,,"(Phuong dkk, 2005)",
389,10117,Gedongsongo,East Ung-2,,,,,,,,,189.6,,,,,3.7,17.6,6.2,0,,790,5.7,0,,,,,,,,,,,,2,,,,,,,,,,,,,,,,,,,,,,,,,,,,,"(Nukman, 2009)",
390,10118,Kendalisodo,KDL-UGW-15A,,,,,,,,,,,,,,117.8,701,44.2,,,998.9,0.1,1734,,,,,,,,,,,,6.7,,,,,,,,,,,,,,,,,,,,,,,,,,,,,"(Phuong dkk, 2005)",
391,10119,Kendalisodo,KDL-UGW-15B,,,,,,,,,,,,,,126.1,747,47.2,,,1089.2,0,1826.1,,,,,,,,,,,,6.8,,,,,,,,,,,,,,,,,,,,,,,,,,,,,"(Phuong dkk, 2005)",
392,10120,Kendalisodo,KDL-HN-KT-2,,,,,,,,,130.5,,,,,33.8,142.2,25.9,3,,162.5,1.6,643.9,,,,,,,,,,,,6.4,,,,,,,,,,,,,,,,,,,,,,,,,,,,,"(Nurohman dan Aribowo, 2012)",
393,10121,Kendalisodo,KDL-HN-KJI-1,,,,,,,,,137.8,,,,,80,653.5,63.3,3.2,,1001.1,1.2,1417.2,,,,,,,,,,,,6.8,,,,,,,,,,,,,,,,,,,,,,,,,,,,,"(Nurohman dan Aribowo, 2012)",
394,10122,Kendalisodo,KDL-HN-KJI-1,,,,,,,,,161.6,,,,,84.1,701.5,65.4,0.4,,1059.6,1.5,1569.7,,,,,,,,,,,,6.8,,,,,,,,,,,,,,,,,,,,,,,,,,,,,"(Nurohman dan Aribowo, 2012)",
395,10123,Kendalisodo,KDL-HN-KT-2,,,,,,,,,135.7,,,,,35.2,154.6,27.4,0.4,,266.5,1.1,550,,,,,,,,,,,,7.8,,,,,,,,,,,,,,,,,,,,,,,,,,,,,"(Nurohman dan Aribowo, 2012)",
396,10124,Kendalisodo,KDL-HN-PR,,,,,,,,,138.24,,,,,146.8,164.5,68.4,0.1,,122.7,0,1649.1,,,,,,,,,,,,5.9,,,,,,,,,,,,,,,,,,,,,,,,,,,,,"(Nurohman dan Aribowo, 2012)",
397,10125,Mapos-1 hotspring (APMP-1),,"Hotwater pool with 3,6 m diameters, clear, tasteless  a bit acid, H2S smell, have continuous gas bubbles, has residual silica around the spring, has mud deposit that contain sulphur in the flow.",1.3,"28,6","51,4","1,4",232.674,9.039.323,724,,,,,,,,,,,,,,,,,,,,,,,,,,,,,,,,,,,,,,,,,,,,,,,,,,,,,,Iqbal dkk,
398,10126,Mapos-2 hotspring (APMP-2),,"Clear, tasteless - a bit acid, a bit smell of sulphur, has mud deposit that contain sulphur in the flow.",1.284,"29,2","50,1","0,4",232.68,9.039.324,727,,,,,,,,,,,,,,,,,,,,,,,,,,,,,,,,,,,,,,,,,,,,,,,,,,,,,,Iqbal dkk,
399,10127,Compang Teber hotspring (APCT),,"Clear, odorless, a bit acid, has iron oxide deposit and thin sinter carbonate.",2.16,"26,8","45,0","0,5",234.991,9.041.552,650,,,,,,,,,,,,,,,,,,,,,,,,,,,,,,,,,,,,,,,,,,,,,,,,,,,,,,Iqbal dkk,
400,10128,Waelareng hotspring (APWL),,"Clear, a bit acid, odorless.",964,"29,3","34,3","0,5",227.323,9.038.454,707,,,,,,,,,,,,,,,,,,,,,,,,,,,,,,,,,,,,,,,,,,,,,,,,,,,,,,Iqbal dkk,
401,10129,Rana Masak-1 hotspring (APRNM-1),,"Hotwater pool with 4,8 m diamaters, clear, odorless, salty, have continuous bubbles, has wide (100x100m) sinter carbonate, has salt deposit and iron oxide deposit.",16.216,"32,0","46,6","0,6",240.836,9.034.332,243,,,,,,,,,,,,,,,,,,,,,,,,,,,,,,,,,,,,,,,,,,,,,,,,,,,,,,Iqbal dkk,
402,10130,Rana Masak-2 hotspring (APRNM-2),,"Hotwater pool with 4,8 m diamaters, clear, odorless, salty, have continuous bubbles, has wide sinter carbonate, has salt deposit and iron oxide deposit.",16.21,"29,0","43,0","0,4",240.845,9.034.331,242,,,,,,,,,,,,,,,,,,,,,,,,,,,,,,,,,,,,,,,,,,,,,,,,,,,,,,Iqbal dkk,
403,10131,Rana Roko hotspring (APRNK),,"Hotwater pool with 0,76 m diameters, clear, odorless, salty, have continuous bubbles, has sinter carbonate, has salt deposit and iron oxide deposit.",6.2,"27,0","38,0","0,5",240.144,9.026.390,65,,,,,,,,,,,,,,,,,,,,,,,,,,,,,,,,,,,,,,,,,,,,,,,,,,,,,,Iqbal dkk,
404,10132,APMP -1,,,1.3,,,,,,,"27,55",,,"0,13","152,50","31,85","127,60","11,15","0,10",,"18,26","470,50","299,70",,"1,27","0,03","0,05","1,16","0,00","0,19",,,,,"5,9",,,,,,,,,,,,,,,,,,,,,,,,,,,,"-6,44",Iqbal dkk,
405,10133,APMP -2,,,1.284,,,,,,,"26,75",,,"0,12","161,00","32,94","128,70","10,58","0,10",,"20,47","492,75","297,98",,"1,49","0,05","0,05","1,14","0,00","0,12",,,,,"6,1",,,,,,,,,,,,,,,,,,,,,,,,,,,,"-6,28",Iqbal dkk,
406,10134,APRNM-1,,,16.216,,,,,,,"29,99",,,"0,00","547,10","118,83","2311,20","308,41","8,38",,"4562,40","282,70","683,17",,"103,97","0,04","0,76","5,58","0,00","1,00",,,,,"6,0",,,,,,,,,,,,,,,,,,,,,,,,,,,,"-4,64",Iqbal dkk,
407,10135,APRNM-2,,,16.21,,,,,,,"31,21",,,"7,59","486,10","115,46","1995,30","264,64","7,76",,"4169,30","272,70","924,20",,"92,07","0,04","1,37","6,86","0,00","0,10",,,,,"5,9",,,,,,,,,,,,,,,,,,,,,,,,,,,,"-4,71",Iqbal dkk,
408,10136,APRNK,,,6.2,,,,,,,"136,66",,,"2,16","360,90","96,69","466,20","11,52","0,13",,"1050,44","306,53","544,72",,"10,79","0,03","0,00","1,65","0,00","0,44",,,,,"6,1",,,,,,,,,,,,,,,,,,,,,,,,,,,,"-4,86",Iqbal dkk,
409,10137,APCT,,,2.16,,,,,,,"61,52",,,"1,08","322,10","11,68","117,80","5,97","0,13",,"8,76","942,44","189,56",,"0,57","0,03","0,01","2,17","0,00","0,14",,,,,"6,2",,,,,,,,,,,,,,,,,,,,,,,,,,,,"-6,07",Iqbal dkk,
410,10138,APWL,,,964,,,,,,,"135,22",,,"0,00","71,80","34,46","66,90","9,32","0,02",,"2,40","32,80","503,11",,"0,66","0,04","0,01","0,98","0,00","0,00",,,,,"6,1",,,,,,,,,,,,,,,,,,,,,,,,,,,,"-6,17",Iqbal dkk,
411,10139,ADNH,,,102,,,,,,,"60,61",,,"0,00","7,67","6,37","5,52","2,86","0,04",,"1,17","1,70","68,63",,"0,09","0,03","0,00","0,89","0,00","0,01",,,,,"7,2",,,,,,,,,,,,,,,,,,,,,,,,,,,,"-5,56",Iqbal dkk,
412,10140,ADRL,,,889,,,,,,,"114,97",,,"0,00","34,60","17,71","135,00","9,88","0,03",,"55,43","39,69","390,00",,"0,57","0,03","0,00","1,30","0,00","0,21",,,,,"7,1",,,,,,,,,,,,,,,,,,,,,,,,,,,,"-5,31",Iqbal dkk,
413,10141,ADRNM,,,-,,,,,,,-,,,-,-,-,-,-,-,,-,-,-,,-,-,-,-,-,-,,,,,-,,,,,,,,,,,,,,,,,,,,,,,,,,,,"-6,54",Iqbal dkk,
414,10142,ADCT,,,-,,,,,,,-,,,-,-,-,-,-,-,,-,-,-,,-,-,-,-,-,-,,,,,-,,,,,,,,,,,,,,,,,,,,,,,,,,,,"-6,16",Iqbal dkk,
415,10143,ADWK,,,-,,,,,,,-,,,-,-,-,-,-,-,,-,-,-,,-,-,-,-,-,-,,,,,-,,,,,,,,,,,,,,,,,,,,,,,,,,,,"-6,12",Iqbal dkk,
416,10144,ADNC,,,-,,,,,,,-,,,-,-,-,-,-,-,,-,-,-,,-,-,-,-,-,-,,,,,-,,,,,,,,,,,,,,,,,,,,,,,,,,,,"-6,83",Iqbal dkk,
